﻿# Schema:v3.4 | Phase:7 | Generated:2025-12-15 23:15:31.096037
Rank,Full_Name,Company,Team_or_Lab,Title,Seniority_Level,AI_Classification,Career_Trajectory,Determinant_Tier,Signal_Strength,Citation_Trajectory,Citation_Velocity_Score,Citation_Growth_Rate,Influence_Tier,Influence_Rank_Change,Collaboration_Count,Cross_Lab_Cluster_ID,Strengths,Weaknesses,Hiring_Recommendation,LinkedIn_URL,GitHub_URL,Google_Scholar_URL,Portfolio_URL,Corporate_Profile_URL,Publications_Page_URL,Blog_Post_URLs,Research_Areas,Top_Papers_or_Blogposts,Recent_Papers_24mo,Inference_Stack,VectorDB_Tech,RLHF_Eval_Signals,Multimodal_Signals,Multimodal_Rank_Score,Awards_Luminary_Signals,Panel_Talks_Workshops,Phase
1,Demo Candidate 1,Google DeepMind,Alignment,ML Engineer,Senior,Frontier / Research,Accelerating,T3,9,Steady,3.31,0.09,Top 1%,1,13,C001,CUDA,Infra Depth,Yes,https://linkedin.com/in/democandidate1,https://github.com/democandidate1,https://scholar.google.com/citations?user=demo1,https://democandidate1.github.io,https://research.anthropic.com/demo1,https://arxiv.org/abs/0000001,https://medium.com/@democandidate1,RLHF,Paper_1,3,TensorRT,Weaviate,DPO,ChatGPT,6,Best Paper,ICLR,7
2,Demo Candidate 2,Google DeepMind,Safety,Research Scientist,Staff,Frontier / Research,Accelerating,T1,7,Steady,1.35,0.69,Top 5%,0,35,C002,RAG Pipelines,Infra Depth,Strong Yes,https://linkedin.com/in/democandidate2,https://github.com/democandidate2,https://scholar.google.com/citations?user=demo2,https://democandidate2.github.io,https://research.anthropic.com/demo2,https://arxiv.org/abs/0000002,https://medium.com/@democandidate2,RLHF,Paper_2,4,ONNX,FAISS,PPO,Claude,6,Early Career,ICLR,7
3,Demo Candidate 3,Meta,Multimodal,AI Engineer,Staff,Frontier / Research,Accelerating,T3,9,Steady,9.27,0.61,Top 5%,3,48,C003,RAG Pipelines,Publication Cadence,Strong Yes,https://linkedin.com/in/democandidate3,https://github.com/democandidate3,https://scholar.google.com/citations?user=demo3,https://democandidate3.github.io,https://research.anthropic.com/demo3,https://arxiv.org/abs/0000003,https://medium.com/@democandidate3,RLHF,Paper_3,5,Triton,FAISS,PPO,ChatGPT,6,Best Paper,ICML,7
4,Demo Candidate 4,OpenAI,Inference,Applied Scientist,Staff,Frontier / Research,Upward,T2,7,Peaked,8.06,0.21,Top 10%,-2,46,C004,Evaluation,Publication Cadence,Strong Yes,https://linkedin.com/in/democandidate4,https://github.com/democandidate4,https://scholar.google.com/citations?user=demo4,https://democandidate4.github.io,https://research.deepmind.com/demo4,https://arxiv.org/abs/0000004,https://medium.com/@democandidate4,Safety,Paper_4,4,TensorRT,Pinecone,PPO,ChatGPT,6,Best Paper,ICLR,7
5,Demo Candidate 5,Mistral,Multimodal,Research Scientist,Senior,Frontier / Research,Upward,T2,7,Peaked,4.79,0.47,Top 1%,5,10,C005,RAG Pipelines,Documentation,Consider,https://linkedin.com/in/democandidate5,https://github.com/democandidate5,https://scholar.google.com/citations?user=demo5,https://democandidate5.github.io,https://research.deepmind.com/demo5,https://arxiv.org/abs/0000005,https://medium.com/@democandidate5,Safety,Paper_5,3,Triton,Weaviate,PPO,Gemini,6,Early Career,ICML,7
6,Demo Candidate 6,Google DeepMind,Multimodal,Research Scientist,Senior,Frontier / Research,Accelerating,T3,7,Steady,0.66,0.15,Top 1%,0,26,C006,CUDA,Infra Depth,Consider,https://linkedin.com/in/democandidate6,https://github.com/democandidate6,https://scholar.google.com/citations?user=demo6,https://democandidate6.github.io,https://research.deepmind.com/demo6,https://arxiv.org/abs/0000006,https://medium.com/@democandidate6,RLHF,Paper_6,4,ONNX,Pinecone,DPO,Gemini,6,Best Paper,ICLR,7
7,Demo Candidate 7,OpenAI,Safety,ML Engineer,Staff,Frontier / Research,Stable,T2,6,Peaked,3.02,0.11,Top 1%,-2,7,C007,RAG Pipelines,Infra Depth,Strong Yes,https://linkedin.com/in/democandidate7,https://github.com/democandidate7,https://scholar.google.com/citations?user=demo7,https://democandidate7.github.io,https://research.deepmind.com/demo7,https://arxiv.org/abs/0000007,https://medium.com/@democandidate7,RLHF,Paper_7,1,Triton,Pinecone,DPO,Claude,6,,ICML,7
8,Demo Candidate 8,Anthropic,Inference,Research Scientist,Staff,Frontier / Research,Stable,T3,9,Rising,0.04,0.93,Top 10%,4,7,C008,Evaluation,Publication Cadence,Strong Yes,https://linkedin.com/in/democandidate8,https://github.com/democandidate8,https://scholar.google.com/citations?user=demo8,https://democandidate8.github.io,https://research.openai.com/demo8,https://arxiv.org/abs/0000008,https://medium.com/@democandidate8,Safety,Paper_8,0,TensorRT,Pinecone,PPO,Claude,6,,ICLR,7
9,Demo Candidate 9,Google DeepMind,Multimodal,AI Engineer,Staff,Frontier / Research,Accelerating,T1,7,Rising,1.57,0.11,Top 10%,3,34,C009,LLM Optimization,Documentation,Consider,https://linkedin.com/in/democandidate9,https://github.com/democandidate9,https://scholar.google.com/citations?user=demo9,https://democandidate9.github.io,https://research.deepmind.com/demo9,https://arxiv.org/abs/0000009,https://medium.com/@democandidate9,Safety,Paper_9,2,ONNX,Weaviate,DPO,Gemini,6,,NeurIPS,7
10,Demo Candidate 10,Google DeepMind,Multimodal,AI Engineer,Principal,Frontier / Research,Stable,T1,6,Rising,4.71,0.68,Top 1%,1,5,C010,LLM Optimization,Publication Cadence,Yes,https://linkedin.com/in/democandidate10,https://github.com/democandidate10,https://scholar.google.com/citations?user=demo10,https://democandidate10.github.io,https://research.openai.com/demo10,https://arxiv.org/abs/0000010,https://medium.com/@democandidate10,Multimodal,Paper_10,4,Triton,Pinecone,DPO,ChatGPT,6,,ICLR,7
11,Demo Candidate 11,Mistral,Inference,Research Scientist,Principal,Frontier / Research,Stable,T1,8,Steady,6.84,0.71,Top 5%,2,16,C011,CUDA,Documentation,Consider,https://linkedin.com/in/democandidate11,https://github.com/democandidate11,https://scholar.google.com/citations?user=demo11,https://democandidate11.github.io,https://research.deepmind.com/demo11,https://arxiv.org/abs/0000011,https://medium.com/@democandidate11,Safety,Paper_11,3,ONNX,Weaviate,DPO,Claude,6,Best Paper,NeurIPS,7
12,Demo Candidate 12,OpenAI,Safety,Research Scientist,Staff,Frontier / Research,Stable,T2,6,Steady,7.68,0.6,Top 1%,3,8,C012,RAG Pipelines,Infra Depth,Strong Yes,https://linkedin.com/in/democandidate12,https://github.com/democandidate12,https://scholar.google.com/citations?user=demo12,https://democandidate12.github.io,https://research.deepmind.com/demo12,https://arxiv.org/abs/0000012,https://medium.com/@democandidate12,LLMs,Paper_12,2,TensorRT,Pinecone,DPO,Gemini,6,,ICML,7
13,Demo Candidate 13,Anthropic,Multimodal,ML Engineer,Staff,Frontier / Research,Stable,T1,7,Rising,8.14,0.59,Top 5%,4,23,C013,CUDA,Documentation,Consider,https://linkedin.com/in/democandidate13,https://github.com/democandidate13,https://scholar.google.com/citations?user=demo13,https://democandidate13.github.io,https://research.anthropic.com/demo13,https://arxiv.org/abs/0000013,https://medium.com/@democandidate13,LLMs,Paper_13,5,TensorRT,Weaviate,DPO,ChatGPT,6,Early Career,ICLR,7
14,Demo Candidate 14,Google DeepMind,Multimodal,Research Scientist,Staff,Frontier / Research,Upward,T2,8,Rising,5.98,0.69,Top 10%,1,22,C014,RAG Pipelines,Infra Depth,Consider,https://linkedin.com/in/democandidate14,https://github.com/democandidate14,https://scholar.google.com/citations?user=demo14,https://democandidate14.github.io,https://research.openai.com/demo14,https://arxiv.org/abs/0000014,https://medium.com/@democandidate14,LLMs,Paper_14,1,ONNX,Weaviate,PPO,ChatGPT,6,Best Paper,ICML,7
15,Demo Candidate 15,Google DeepMind,Safety,Applied Scientist,Senior,Frontier / Research,Upward,T3,7,Steady,5.7,0.91,Top 5%,1,47,C015,Evaluation,Documentation,Consider,https://linkedin.com/in/democandidate15,https://github.com/democandidate15,https://scholar.google.com/citations?user=demo15,https://democandidate15.github.io,https://research.openai.com/demo15,https://arxiv.org/abs/0000015,https://medium.com/@democandidate15,Multimodal,Paper_15,1,Triton,FAISS,DPO,Gemini,6,,ICML,7
16,Demo Candidate 16,Mistral,RLHF,Research Scientist,Staff,Frontier / Research,Upward,T1,8,Peaked,5.9,0.63,Top 10%,1,27,C016,RAG Pipelines,Publication Cadence,Consider,https://linkedin.com/in/democandidate16,https://github.com/democandidate16,https://scholar.google.com/citations?user=demo16,https://democandidate16.github.io,https://research.openai.com/demo16,https://arxiv.org/abs/0000016,https://medium.com/@democandidate16,RLHF,Paper_16,3,ONNX,FAISS,DPO,Claude,6,,ICLR,7
17,Demo Candidate 17,Anthropic,Inference,Research Scientist,Senior,Frontier / Research,Accelerating,T1,6,Peaked,8.85,0.66,Top 1%,-4,10,C017,RAG Pipelines,Publication Cadence,Consider,https://linkedin.com/in/democandidate17,https://github.com/democandidate17,https://scholar.google.com/citations?user=demo17,https://democandidate17.github.io,https://research.anthropic.com/demo17,https://arxiv.org/abs/0000017,https://medium.com/@democandidate17,Multimodal,Paper_17,4,ONNX,Pinecone,DPO,Gemini,6,Best Paper,ICLR,7
18,Demo Candidate 18,Anthropic,Inference,Applied Scientist,Principal,Frontier / Research,Upward,T3,8,Peaked,2.37,0.5,Top 5%,3,38,C018,Evaluation,Documentation,Strong Yes,https://linkedin.com/in/democandidate18,https://github.com/democandidate18,https://scholar.google.com/citations?user=demo18,https://democandidate18.github.io,https://research.anthropic.com/demo18,https://arxiv.org/abs/0000018,https://medium.com/@democandidate18,Multimodal,Paper_18,5,Triton,FAISS,DPO,Gemini,6,,ICML,7
19,Demo Candidate 19,Mistral,RLHF,Applied Scientist,Principal,Frontier / Research,Upward,T3,9,Rising,2.45,0.63,Top 10%,5,6,C019,Evaluation,Infra Depth,Strong Yes,https://linkedin.com/in/democandidate19,https://github.com/democandidate19,https://scholar.google.com/citations?user=demo19,https://democandidate19.github.io,https://research.deepmind.com/demo19,https://arxiv.org/abs/0000019,https://medium.com/@democandidate19,LLMs,Paper_19,3,Triton,Weaviate,DPO,Gemini,6,Best Paper,ICLR,7
20,Demo Candidate 20,Google DeepMind,RLHF,ML Engineer,Senior,Frontier / Research,Accelerating,T3,10,Steady,7.27,0.56,Top 1%,5,32,C020,CUDA,Infra Depth,Strong Yes,https://linkedin.com/in/democandidate20,https://github.com/democandidate20,https://scholar.google.com/citations?user=demo20,https://democandidate20.github.io,https://research.anthropic.com/demo20,https://arxiv.org/abs/0000020,https://medium.com/@democandidate20,Safety,Paper_20,5,TensorRT,FAISS,DPO,Claude,6,,ICML,7
21,Demo Candidate 21,OpenAI,RLHF,AI Engineer,Senior,Frontier / Research,Accelerating,T2,7,Steady,0.14,0.11,Top 1%,4,49,C021,CUDA,Infra Depth,Yes,https://linkedin.com/in/democandidate21,https://github.com/democandidate21,https://scholar.google.com/citations?user=demo21,https://democandidate21.github.io,https://research.deepmind.com/demo21,https://arxiv.org/abs/0000021,https://medium.com/@democandidate21,RLHF,Paper_21,2,TensorRT,FAISS,DPO,ChatGPT,6,,ICLR,7
22,Demo Candidate 22,OpenAI,Inference,ML Engineer,Staff,Frontier / Research,Stable,T2,6,Peaked,4.4,0.64,Top 1%,4,48,C022,Evaluation,Documentation,Consider,https://linkedin.com/in/democandidate22,https://github.com/democandidate22,https://scholar.google.com/citations?user=demo22,https://democandidate22.github.io,https://research.deepmind.com/demo22,https://arxiv.org/abs/0000022,https://medium.com/@democandidate22,LLMs,Paper_22,0,ONNX,Pinecone,DPO,Claude,6,Best Paper,ICML,7
23,Demo Candidate 23,Mistral,Inference,Applied Scientist,Principal,Frontier / Research,Accelerating,T2,8,Steady,1.45,0.87,Top 1%,-1,30,C023,RAG Pipelines,Infra Depth,Yes,https://linkedin.com/in/democandidate23,https://github.com/democandidate23,https://scholar.google.com/citations?user=demo23,https://democandidate23.github.io,https://research.anthropic.com/demo23,https://arxiv.org/abs/0000023,https://medium.com/@democandidate23,LLMs,Paper_23,0,TensorRT,Weaviate,DPO,Claude,6,Early Career,ICLR,7
24,Demo Candidate 24,Google DeepMind,RLHF,AI Engineer,Senior,Frontier / Research,Stable,T3,9,Steady,4.61,0.68,Top 1%,5,39,C024,CUDA,Infra Depth,Yes,https://linkedin.com/in/democandidate24,https://github.com/democandidate24,https://scholar.google.com/citations?user=demo24,https://democandidate24.github.io,https://research.anthropic.com/demo24,https://arxiv.org/abs/0000024,https://medium.com/@democandidate24,RLHF,Paper_24,2,TensorRT,FAISS,PPO,ChatGPT,6,Best Paper,NeurIPS,7
25,Demo Candidate 25,Mistral,Alignment,Applied Scientist,Staff,Frontier / Research,Upward,T3,7,Steady,1.93,0.02,Top 1%,-5,40,C025,CUDA,Infra Depth,Consider,https://linkedin.com/in/democandidate25,https://github.com/democandidate25,https://scholar.google.com/citations?user=demo25,https://democandidate25.github.io,https://research.openai.com/demo25,https://arxiv.org/abs/0000025,https://medium.com/@democandidate25,LLMs,Paper_25,0,TensorRT,FAISS,DPO,Gemini,6,,NeurIPS,7
26,Demo Candidate 26,Anthropic,RLHF,AI Engineer,Staff,Frontier / Research,Accelerating,T1,10,Steady,9.23,0.28,Top 5%,5,22,C026,Evaluation,Documentation,Strong Yes,https://linkedin.com/in/democandidate26,https://github.com/democandidate26,https://scholar.google.com/citations?user=demo26,https://democandidate26.github.io,https://research.deepmind.com/demo26,https://arxiv.org/abs/0000026,https://medium.com/@democandidate26,LLMs,Paper_26,3,Triton,Pinecone,PPO,Claude,6,,ICLR,7
27,Demo Candidate 27,OpenAI,Safety,ML Engineer,Principal,Frontier / Research,Stable,T1,10,Steady,1.08,0.54,Top 5%,-2,41,C027,LLM Optimization,Publication Cadence,Consider,https://linkedin.com/in/democandidate27,https://github.com/democandidate27,https://scholar.google.com/citations?user=demo27,https://democandidate27.github.io,https://research.deepmind.com/demo27,https://arxiv.org/abs/0000027,https://medium.com/@democandidate27,LLMs,Paper_27,0,ONNX,FAISS,DPO,Claude,6,Best Paper,NeurIPS,7
28,Demo Candidate 28,OpenAI,Alignment,Applied Scientist,Staff,Frontier / Research,Upward,T3,7,Steady,5.75,0.52,Top 5%,2,29,C028,RAG Pipelines,Infra Depth,Strong Yes,https://linkedin.com/in/democandidate28,https://github.com/democandidate28,https://scholar.google.com/citations?user=demo28,https://democandidate28.github.io,https://research.anthropic.com/demo28,https://arxiv.org/abs/0000028,https://medium.com/@democandidate28,RLHF,Paper_28,0,Triton,Weaviate,DPO,ChatGPT,6,Early Career,ICLR,7
29,Demo Candidate 29,Google DeepMind,RLHF,Applied Scientist,Senior,Frontier / Research,Accelerating,T3,5,Steady,5.35,0.96,Top 1%,2,50,C029,Evaluation,Infra Depth,Strong Yes,https://linkedin.com/in/democandidate29,https://github.com/democandidate29,https://scholar.google.com/citations?user=demo29,https://democandidate29.github.io,https://research.openai.com/demo29,https://arxiv.org/abs/0000029,https://medium.com/@democandidate29,LLMs,Paper_29,3,TensorRT,FAISS,DPO,Gemini,6,,ICML,7
30,Demo Candidate 30,Google DeepMind,Safety,Research Scientist,Principal,Frontier / Research,Stable,T3,6,Rising,0.36,0.03,Top 10%,-2,33,C030,RAG Pipelines,Documentation,Consider,https://linkedin.com/in/democandidate30,https://github.com/democandidate30,https://scholar.google.com/citations?user=demo30,https://democandidate30.github.io,https://research.anthropic.com/demo30,https://arxiv.org/abs/0000030,https://medium.com/@democandidate30,Safety,Paper_30,3,TensorRT,Pinecone,PPO,ChatGPT,6,,ICLR,7
31,Demo Candidate 31,OpenAI,Safety,Research Scientist,Senior,Frontier / Research,Accelerating,T3,9,Steady,9.4,0.87,Top 10%,-3,49,C031,CUDA,Documentation,Strong Yes,https://linkedin.com/in/democandidate31,https://github.com/democandidate31,https://scholar.google.com/citations?user=demo31,https://democandidate31.github.io,https://research.anthropic.com/demo31,https://arxiv.org/abs/0000031,https://medium.com/@democandidate31,RLHF,Paper_31,3,TensorRT,FAISS,DPO,Gemini,6,,ICML,7
32,Demo Candidate 32,Anthropic,Alignment,ML Engineer,Principal,Frontier / Research,Upward,T2,5,Steady,6.11,0.84,Top 1%,-4,9,C032,RAG Pipelines,Infra Depth,Consider,https://linkedin.com/in/democandidate32,https://github.com/democandidate32,https://scholar.google.com/citations?user=demo32,https://democandidate32.github.io,https://research.openai.com/demo32,https://arxiv.org/abs/0000032,https://medium.com/@democandidate32,LLMs,Paper_32,1,Triton,Pinecone,DPO,Claude,6,Early Career,ICML,7
33,Demo Candidate 33,Mistral,Inference,AI Engineer,Senior,Frontier / Research,Upward,T3,6,Steady,0.63,0.27,Top 5%,-3,46,C033,Evaluation,Infra Depth,Strong Yes,https://linkedin.com/in/democandidate33,https://github.com/democandidate33,https://scholar.google.com/citations?user=demo33,https://democandidate33.github.io,https://research.deepmind.com/demo33,https://arxiv.org/abs/0000033,https://medium.com/@democandidate33,RLHF,Paper_33,4,ONNX,FAISS,PPO,Gemini,6,Best Paper,NeurIPS,7
34,Demo Candidate 34,OpenAI,Safety,Research Scientist,Senior,Frontier / Research,Upward,T1,5,Peaked,6.52,0.89,Top 5%,2,46,C034,CUDA,Documentation,Strong Yes,https://linkedin.com/in/democandidate34,https://github.com/democandidate34,https://scholar.google.com/citations?user=demo34,https://democandidate34.github.io,https://research.anthropic.com/demo34,https://arxiv.org/abs/0000034,https://medium.com/@democandidate34,Safety,Paper_34,4,Triton,Pinecone,PPO,ChatGPT,6,Early Career,NeurIPS,7
35,Demo Candidate 35,Mistral,Inference,Applied Scientist,Principal,Frontier / Research,Upward,T3,7,Steady,4.19,0.56,Top 1%,-4,35,C035,LLM Optimization,Infra Depth,Yes,https://linkedin.com/in/democandidate35,https://github.com/democandidate35,https://scholar.google.com/citations?user=demo35,https://democandidate35.github.io,https://research.anthropic.com/demo35,https://arxiv.org/abs/0000035,https://medium.com/@democandidate35,RLHF,Paper_35,3,TensorRT,Weaviate,PPO,Claude,6,,NeurIPS,7
36,Demo Candidate 36,Anthropic,Safety,Applied Scientist,Senior,Frontier / Research,Upward,T3,5,Rising,6.45,0.29,Top 5%,-1,23,C036,RAG Pipelines,Documentation,Strong Yes,https://linkedin.com/in/democandidate36,https://github.com/democandidate36,https://scholar.google.com/citations?user=demo36,https://democandidate36.github.io,https://research.anthropic.com/demo36,https://arxiv.org/abs/0000036,https://medium.com/@democandidate36,LLMs,Paper_36,4,ONNX,FAISS,PPO,Claude,6,,NeurIPS,7
37,Demo Candidate 37,Anthropic,Safety,AI Engineer,Staff,Frontier / Research,Upward,T3,10,Steady,2.3,0.11,Top 1%,-4,17,C037,RAG Pipelines,Documentation,Yes,https://linkedin.com/in/democandidate37,https://github.com/democandidate37,https://scholar.google.com/citations?user=demo37,https://democandidate37.github.io,https://research.openai.com/demo37,https://arxiv.org/abs/0000037,https://medium.com/@democandidate37,LLMs,Paper_37,3,TensorRT,Pinecone,PPO,Claude,6,,ICML,7
38,Demo Candidate 38,Meta,Inference,Applied Scientist,Staff,Frontier / Research,Upward,T2,10,Rising,6.32,0.98,Top 1%,0,10,C038,LLM Optimization,Infra Depth,Consider,https://linkedin.com/in/democandidate38,https://github.com/democandidate38,https://scholar.google.com/citations?user=demo38,https://democandidate38.github.io,https://research.openai.com/demo38,https://arxiv.org/abs/0000038,https://medium.com/@democandidate38,Safety,Paper_38,1,ONNX,Pinecone,DPO,Claude,6,Best Paper,NeurIPS,7
39,Demo Candidate 39,Google DeepMind,Multimodal,ML Engineer,Principal,Frontier / Research,Accelerating,T1,9,Peaked,8.55,0.09,Top 10%,2,15,C039,RAG Pipelines,Publication Cadence,Yes,https://linkedin.com/in/democandidate39,https://github.com/democandidate39,https://scholar.google.com/citations?user=demo39,https://democandidate39.github.io,https://research.openai.com/demo39,https://arxiv.org/abs/0000039,https://medium.com/@democandidate39,Multimodal,Paper_39,5,ONNX,FAISS,DPO,Claude,6,,ICML,7
40,Demo Candidate 40,Anthropic,Multimodal,Research Scientist,Staff,Frontier / Research,Upward,T1,8,Peaked,7.69,0.03,Top 10%,1,32,C040,LLM Optimization,Publication Cadence,Yes,https://linkedin.com/in/democandidate40,https://github.com/democandidate40,https://scholar.google.com/citations?user=demo40,https://democandidate40.github.io,https://research.openai.com/demo40,https://arxiv.org/abs/0000040,https://medium.com/@democandidate40,LLMs,Paper_40,4,ONNX,Weaviate,DPO,ChatGPT,6,Best Paper,ICLR,7
41,Demo Candidate 41,Anthropic,Alignment,Research Scientist,Staff,Frontier / Research,Accelerating,T2,6,Peaked,4.59,0.57,Top 10%,-5,31,C041,RAG Pipelines,Documentation,Consider,https://linkedin.com/in/democandidate41,https://github.com/democandidate41,https://scholar.google.com/citations?user=demo41,https://democandidate41.github.io,https://research.deepmind.com/demo41,https://arxiv.org/abs/0000041,https://medium.com/@democandidate41,RLHF,Paper_41,2,TensorRT,Pinecone,PPO,Gemini,6,Best Paper,ICML,7
42,Demo Candidate 42,Google DeepMind,Multimodal,Research Scientist,Staff,Frontier / Research,Stable,T2,10,Peaked,5.42,0.79,Top 10%,-4,41,C042,Evaluation,Infra Depth,Strong Yes,https://linkedin.com/in/democandidate42,https://github.com/democandidate42,https://scholar.google.com/citations?user=demo42,https://democandidate42.github.io,https://research.anthropic.com/demo42,https://arxiv.org/abs/0000042,https://medium.com/@democandidate42,Safety,Paper_42,0,ONNX,Pinecone,DPO,Claude,6,,ICLR,7
43,Demo Candidate 43,Google DeepMind,Inference,Research Scientist,Principal,Frontier / Research,Accelerating,T1,6,Steady,2.39,0.11,Top 5%,4,46,C043,CUDA,Infra Depth,Strong Yes,https://linkedin.com/in/democandidate43,https://github.com/democandidate43,https://scholar.google.com/citations?user=demo43,https://democandidate43.github.io,https://research.deepmind.com/demo43,https://arxiv.org/abs/0000043,https://medium.com/@democandidate43,Safety,Paper_43,2,TensorRT,Weaviate,DPO,Claude,6,,ICLR,7
44,Demo Candidate 44,Google DeepMind,Safety,Applied Scientist,Principal,Frontier / Research,Accelerating,T1,8,Peaked,5.32,0.83,Top 5%,2,41,C044,Evaluation,Infra Depth,Consider,https://linkedin.com/in/democandidate44,https://github.com/democandidate44,https://scholar.google.com/citations?user=demo44,https://democandidate44.github.io,https://research.openai.com/demo44,https://arxiv.org/abs/0000044,https://medium.com/@democandidate44,RLHF,Paper_44,3,ONNX,FAISS,DPO,ChatGPT,6,,NeurIPS,7
45,Demo Candidate 45,Anthropic,RLHF,Research Scientist,Principal,Frontier / Research,Upward,T2,6,Rising,5.21,0.63,Top 5%,1,45,C045,CUDA,Publication Cadence,Yes,https://linkedin.com/in/democandidate45,https://github.com/democandidate45,https://scholar.google.com/citations?user=demo45,https://democandidate45.github.io,https://research.deepmind.com/demo45,https://arxiv.org/abs/0000045,https://medium.com/@democandidate45,Multimodal,Paper_45,5,TensorRT,FAISS,DPO,ChatGPT,6,,NeurIPS,7
46,Demo Candidate 46,Mistral,RLHF,Applied Scientist,Principal,Frontier / Research,Stable,T3,10,Steady,4.86,0.67,Top 10%,3,30,C046,RAG Pipelines,Publication Cadence,Consider,https://linkedin.com/in/democandidate46,https://github.com/democandidate46,https://scholar.google.com/citations?user=demo46,https://democandidate46.github.io,https://research.openai.com/demo46,https://arxiv.org/abs/0000046,https://medium.com/@democandidate46,Safety,Paper_46,1,Triton,FAISS,DPO,Claude,6,,NeurIPS,7
47,Demo Candidate 47,Google DeepMind,RLHF,Applied Scientist,Senior,Frontier / Research,Accelerating,T1,10,Peaked,2.85,0.97,Top 10%,5,11,C047,CUDA,Documentation,Strong Yes,https://linkedin.com/in/democandidate47,https://github.com/democandidate47,https://scholar.google.com/citations?user=demo47,https://democandidate47.github.io,https://research.openai.com/demo47,https://arxiv.org/abs/0000047,https://medium.com/@democandidate47,Safety,Paper_47,4,ONNX,Pinecone,DPO,Claude,6,,ICML,7
48,Demo Candidate 48,OpenAI,RLHF,AI Engineer,Senior,Frontier / Research,Stable,T2,9,Rising,5.34,0.12,Top 1%,1,33,C048,CUDA,Publication Cadence,Yes,https://linkedin.com/in/democandidate48,https://github.com/democandidate48,https://scholar.google.com/citations?user=demo48,https://democandidate48.github.io,https://research.openai.com/demo48,https://arxiv.org/abs/0000048,https://medium.com/@democandidate48,LLMs,Paper_48,5,TensorRT,Weaviate,DPO,Gemini,6,Best Paper,ICLR,7
49,Demo Candidate 49,Mistral,Inference,Applied Scientist,Staff,Frontier / Research,Accelerating,T1,10,Steady,9.0,0.14,Top 10%,-4,21,C049,LLM Optimization,Publication Cadence,Consider,https://linkedin.com/in/democandidate49,https://github.com/democandidate49,https://scholar.google.com/citations?user=demo49,https://democandidate49.github.io,https://research.openai.com/demo49,https://arxiv.org/abs/0000049,https://medium.com/@democandidate49,Multimodal,Paper_49,2,ONNX,Pinecone,PPO,Gemini,6,Early Career,ICML,7
50,Demo Candidate 50,Anthropic,RLHF,ML Engineer,Senior,Frontier / Research,Upward,T3,8,Peaked,6.72,0.09,Top 10%,1,14,C050,RAG Pipelines,Publication Cadence,Consider,https://linkedin.com/in/democandidate50,https://github.com/democandidate50,https://scholar.google.com/citations?user=demo50,https://democandidate50.github.io,https://research.anthropic.com/demo50,https://arxiv.org/abs/0000050,https://medium.com/@democandidate50,LLMs,Paper_50,5,Triton,Pinecone,PPO,Gemini,6,Best Paper,ICLR,7
