AI_Classification,Full_Name,Company,Team_or_Lab,Title,Seniority_Level,Corporate_Email,Personal_Email,LinkedIn_URL,Portfolio_URL,Google_Scholar_URL,Semantic_Scholar_URL,GitHub_URL,Primary_Specialties,LLM_Names,VectorDB_Tech,RAG_Details,Inference_Stack,GPU_Infra_Signals,RLHF_Eval_Signals,Multimodal_Signals,Research_Areas,Top_Papers_or_Blogposts,Conference_Presentations,Awards_Luminary_Signals,Panel_Talks_Workshops,Citation_Trajectory,Strengths,Weaknesses,Corporate_Profile_URL,Publications_Page_URL,Blog_Post_URLs,Influence_Composite_Score,Influence_Percentile,Governance_Version,Reviewer_ID,SHA256_Hash,Runtime_Stamp,Reserved_Field,System_Source
Frontier,Frontier_001,OpenAI,,Research Lead,Principal,,,,,,,,,,,,,,,,,,,,,9.65,,,,,,,,v3.6,system_auto,,2025-12-16T02:16:41.892408,,iMac
Elite,Frontier_002,Meta,,Research Lead,Distinguished,,,,,,,,,,,,,,,,,,,,,8.72,,,,,,,,v3.6,system_auto,,2025-12-16T02:16:41.892408,,iMac
Elite,Frontier_003,OpenAI,,Principal Engineer,Principal,,,,,,,,,,,,,,,,,,,,,8.64,,,,,,,,v3.6,system_auto,,2025-12-16T02:16:41.892408,,iMac
Elite,Frontier_004,DeepMind,,Principal Engineer,Distinguished,,,,,,,,,,,,,,,,,,,,,9.95,,,,,,,,v3.6,system_auto,,2025-12-16T02:16:41.892408,,iMac
Elite,Frontier_005,OpenAI,,Research Lead,Distinguished,,,,,,,,,,,,,,,,,,,,,8.4,,,,,,,,v3.6,system_auto,,2025-12-16T02:16:41.892408,,iMac
Frontier,Frontier_006,DeepMind,,Chief Scientist,Distinguished,,,,,,,,,,,,,,,,,,,,,9.39,,,,,,,,v3.6,system_auto,,2025-12-16T02:16:41.892408,,iMac
Frontier,Frontier_007,Anthropic,,Chief Scientist,Distinguished,,,,,,,,,,,,,,,,,,,,,9.64,,,,,,,,v3.6,system_auto,,2025-12-16T02:16:41.892408,,iMac
Elite,Frontier_008,DeepMind,,Principal Engineer,Distinguished,,,,,,,,,,,,,,,,,,,,,8.08,,,,,,,,v3.6,system_auto,,2025-12-16T02:16:41.892408,,iMac
Frontier,Frontier_009,DeepMind,,Chief Scientist,Principal,,,,,,,,,,,,,,,,,,,,,9.34,,,,,,,,v3.6,system_auto,,2025-12-16T02:16:41.892408,,iMac
Elite,Frontier_010,Google,,Research Lead,Principal,,,,,,,,,,,,,,,,,,,,,9.9,,,,,,,,v3.6,system_auto,,2025-12-16T02:16:41.892408,,iMac
Elite,Frontier_011,Meta,,Principal Engineer,Distinguished,,,,,,,,,,,,,,,,,,,,,8.25,,,,,,,,v3.6,system_auto,,2025-12-16T02:16:41.892408,,iMac
Frontier,Frontier_012,Meta,,Research Lead,Distinguished,,,,,,,,,,,,,,,,,,,,,9.79,,,,,,,,v3.6,system_auto,,2025-12-16T02:16:41.892408,,iMac
Elite,Frontier_013,Anthropic,,Research Lead,Principal,,,,,,,,,,,,,,,,,,,,,9.19,,,,,,,,v3.6,system_auto,,2025-12-16T02:16:41.892408,,iMac
Frontier,Frontier_014,Anthropic,,Chief Scientist,Principal,,,,,,,,,,,,,,,,,,,,,9.23,,,,,,,,v3.6,system_auto,,2025-12-16T02:16:41.892408,,iMac
Frontier,Frontier_015,Meta,,Principal Engineer,Principal,,,,,,,,,,,,,,,,,,,,,9.23,,,,,,,,v3.6,system_auto,,2025-12-16T02:16:41.892408,,iMac
Frontier,Frontier_016,Google,,Principal Engineer,Principal,,,,,,,,,,,,,,,,,,,,,8.6,,,,,,,,v3.6,system_auto,,2025-12-16T02:16:41.892408,,iMac
Frontier,Frontier_017,Meta,,Chief Scientist,Distinguished,,,,,,,,,,,,,,,,,,,,,9.87,,,,,,,,v3.6,system_auto,,2025-12-16T02:16:41.892408,,iMac
Elite,Frontier_018,Google,,Research Lead,Distinguished,,,,,,,,,,,,,,,,,,,,,9.89,,,,,,,,v3.6,system_auto,,2025-12-16T02:16:41.892408,,iMac
Frontier,Frontier_019,Anthropic,,Research Lead,Principal,,,,,,,,,,,,,,,,,,,,,9.25,,,,,,,,v3.6,system_auto,,2025-12-16T02:16:41.892408,,iMac
Elite,Frontier_020,OpenAI,,Research Lead,Distinguished,,,,,,,,,,,,,,,,,,,,,9.57,,,,,,,,v3.6,system_auto,,2025-12-16T02:16:41.892408,,iMac
Elite,Frontier_021,Anthropic,,Research Lead,Principal,,,,,,,,,,,,,,,,,,,,,9.22,,,,,,,,v3.6,system_auto,,2025-12-16T02:16:41.892408,,iMac
Elite,Frontier_022,Anthropic,,Principal Engineer,Distinguished,,,,,,,,,,,,,,,,,,,,,8.97,,,,,,,,v3.6,system_auto,,2025-12-16T02:16:41.892408,,iMac
Elite,Frontier_023,DeepMind,,Principal Engineer,Principal,,,,,,,,,,,,,,,,,,,,,9.32,,,,,,,,v3.6,system_auto,,2025-12-16T02:16:41.892408,,iMac
Frontier,Frontier_024,DeepMind,,Chief Scientist,Distinguished,,,,,,,,,,,,,,,,,,,,,9.11,,,,,,,,v3.6,system_auto,,2025-12-16T02:16:41.892408,,iMac
Frontier,Frontier_025,DeepMind,,Chief Scientist,Principal,,,,,,,,,,,,,,,,,,,,,9.19,,,,,,,,v3.6,system_auto,,2025-12-16T02:16:41.892408,,iMac
Elite,Frontier_026,DeepMind,,Principal Engineer,Principal,,,,,,,,,,,,,,,,,,,,,9.57,,,,,,,,v3.6,system_auto,,2025-12-16T02:16:41.892408,,iMac
Elite,Frontier_027,Google,,Principal Engineer,Distinguished,,,,,,,,,,,,,,,,,,,,,8.96,,,,,,,,v3.6,system_auto,,2025-12-16T02:16:41.892408,,iMac
Frontier,Frontier_028,Meta,,Research Lead,Principal,,,,,,,,,,,,,,,,,,,,,8.08,,,,,,,,v3.6,system_auto,,2025-12-16T02:16:41.892408,,iMac
Elite,Frontier_029,OpenAI,,Research Lead,Distinguished,,,,,,,,,,,,,,,,,,,,,8.33,,,,,,,,v3.6,system_auto,,2025-12-16T02:16:41.892408,,iMac
Frontier,Frontier_030,Anthropic,,Chief Scientist,Distinguished,,,,,,,,,,,,,,,,,,,,,8.88,,,,,,,,v3.6,system_auto,,2025-12-16T02:16:41.892408,,iMac
Elite,Frontier_031,Google,,Principal Engineer,Principal,,,,,,,,,,,,,,,,,,,,,9.45,,,,,,,,v3.6,system_auto,,2025-12-16T02:16:41.892408,,iMac
Frontier,Frontier_032,OpenAI,,Chief Scientist,Distinguished,,,,,,,,,,,,,,,,,,,,,9.19,,,,,,,,v3.6,system_auto,,2025-12-16T02:16:41.892408,,iMac
Elite,Frontier_033,Google,,Principal Engineer,Distinguished,,,,,,,,,,,,,,,,,,,,,9.3,,,,,,,,v3.6,system_auto,,2025-12-16T02:16:41.892408,,iMac
Elite,Frontier_034,Google,,Research Lead,Distinguished,,,,,,,,,,,,,,,,,,,,,8.96,,,,,,,,v3.6,system_auto,,2025-12-16T02:16:41.892408,,iMac
Frontier,Frontier_035,Anthropic,,Chief Scientist,Distinguished,,,,,,,,,,,,,,,,,,,,,9.23,,,,,,,,v3.6,system_auto,,2025-12-16T02:16:41.892408,,iMac
Elite,Frontier_036,Meta,,Chief Scientist,Distinguished,,,,,,,,,,,,,,,,,,,,,8.66,,,,,,,,v3.6,system_auto,,2025-12-16T02:16:41.892408,,iMac
Elite,Frontier_037,DeepMind,,Principal Engineer,Principal,,,,,,,,,,,,,,,,,,,,,8.94,,,,,,,,v3.6,system_auto,,2025-12-16T02:16:41.892408,,iMac
Frontier,Frontier_038,Meta,,Research Lead,Distinguished,,,,,,,,,,,,,,,,,,,,,9.49,,,,,,,,v3.6,system_auto,,2025-12-16T02:16:41.892408,,iMac
Elite,Frontier_039,Anthropic,,Chief Scientist,Distinguished,,,,,,,,,,,,,,,,,,,,,9.74,,,,,,,,v3.6,system_auto,,2025-12-16T02:16:41.892408,,iMac
Frontier,Frontier_040,Anthropic,,Research Lead,Distinguished,,,,,,,,,,,,,,,,,,,,,8.87,,,,,,,,v3.6,system_auto,,2025-12-16T02:16:41.892408,,iMac
Frontier,Frontier_041,Anthropic,,Chief Scientist,Distinguished,,,,,,,,,,,,,,,,,,,,,8.09,,,,,,,,v3.6,system_auto,,2025-12-16T02:16:41.892408,,iMac
Elite,Frontier_042,OpenAI,,Research Lead,Distinguished,,,,,,,,,,,,,,,,,,,,,8.32,,,,,,,,v3.6,system_auto,,2025-12-16T02:16:41.892408,,iMac
Elite,Frontier_043,Meta,,Principal Engineer,Principal,,,,,,,,,,,,,,,,,,,,,8.04,,,,,,,,v3.6,system_auto,,2025-12-16T02:16:41.892408,,iMac
Elite,Frontier_044,Meta,,Chief Scientist,Distinguished,,,,,,,,,,,,,,,,,,,,,9.31,,,,,,,,v3.6,system_auto,,2025-12-16T02:16:41.892408,,iMac
Elite,Frontier_045,Google,,Chief Scientist,Principal,,,,,,,,,,,,,,,,,,,,,8.66,,,,,,,,v3.6,system_auto,,2025-12-16T02:16:41.892408,,iMac
Elite,Frontier_046,Google,,Research Lead,Principal,,,,,,,,,,,,,,,,,,,,,9.08,,,,,,,,v3.6,system_auto,,2025-12-16T02:16:41.892408,,iMac
Elite,Frontier_047,Google,,Research Lead,Principal,,,,,,,,,,,,,,,,,,,,,8.99,,,,,,,,v3.6,system_auto,,2025-12-16T02:16:41.892408,,iMac
Elite,Frontier_048,Anthropic,,Chief Scientist,Principal,,,,,,,,,,,,,,,,,,,,,8.16,,,,,,,,v3.6,system_auto,,2025-12-16T02:16:41.892408,,iMac
Frontier,Frontier_049,Meta,,Principal Engineer,Distinguished,,,,,,,,,,,,,,,,,,,,,8.81,,,,,,,,v3.6,system_auto,,2025-12-16T02:16:41.892408,,iMac
Elite,Frontier_050,Anthropic,,Research Lead,Principal,,,,,,,,,,,,,,,,,,,,,8.44,,,,,,,,v3.6,system_auto,,2025-12-16T02:16:41.892408,,iMac
