AI_Classification,Full_Name,Company,Team_or_Lab,Title,Seniority_Level,Corporate_Email,Personal_Email,LinkedIn_URL,Portfolio_URL,Google_Scholar_URL,Semantic_Scholar_URL,GitHub_URL,Primary_Specialties,LLM_Names,VectorDB_Tech,RAG_Details,Inference_Stack,GPU_Infra_Signals,RLHF_Eval_Signals,Multimodal_Signals,Research_Areas,Top_Papers_or_Blogposts,Conference_Presentations,Awards_Luminary_Signals,Panel_Talks_Workshops,Citation_Trajectory,Strengths,Weaknesses,Corporate_Profile_URL,Publications_Page_URL,Blog_Post_URLs,Influence_Composite_Score,Influence_Percentile,Governance_Version,Reviewer_ID,SHA256_Hash,Runtime_Stamp,Reserved_Field,System_Source
Research,Engineer_001,Anthropic,,Researcher,Mid,,,,,,,,,,,,,,,,,,,,,1.02,,,,,,,,v3.6,system_auto,,2025-12-16T02:16:41.878618,,iMac
Frontier,Engineer_002,Meta,,Researcher,Junior,,,,,,,,,,,,,,,,,,,,,1.53,,,,,,,,v3.6,system_auto,,2025-12-16T02:16:41.878618,,iMac
Research,Engineer_003,Meta,,Researcher,Senior,,,,,,,,,,,,,,,,,,,,,2.46,,,,,,,,v3.6,system_auto,,2025-12-16T02:16:41.878618,,iMac
Research,Engineer_004,OpenAI,,Scientist,Junior,,,,,,,,,,,,,,,,,,,,,1.61,,,,,,,,v3.6,system_auto,,2025-12-16T02:16:41.878618,,iMac
Frontier,Engineer_005,OpenAI,,ML Engineer,Junior,,,,,,,,,,,,,,,,,,,,,1.87,,,,,,,,v3.6,system_auto,,2025-12-16T02:16:41.878618,,iMac
Frontier,Engineer_006,DeepMind,,Scientist,Principal,,,,,,,,,,,,,,,,,,,,,2.85,,,,,,,,v3.6,system_auto,,2025-12-16T02:16:41.878618,,iMac
Research,Engineer_007,OpenAI,,Researcher,Mid,,,,,,,,,,,,,,,,,,,,,1.73,,,,,,,,v3.6,system_auto,,2025-12-16T02:16:41.878618,,iMac
Applied,Engineer_008,Anthropic,,ML Engineer,Junior,,,,,,,,,,,,,,,,,,,,,8.97,,,,,,,,v3.6,system_auto,,2025-12-16T02:16:41.878618,,iMac
Research,Engineer_009,Meta,,Researcher,Junior,,,,,,,,,,,,,,,,,,,,,0.8,,,,,,,,v3.6,system_auto,,2025-12-16T02:16:41.878618,,iMac
Research,Engineer_010,OpenAI,,ML Engineer,Principal,,,,,,,,,,,,,,,,,,,,,5.25,,,,,,,,v3.6,system_auto,,2025-12-16T02:16:41.878618,,iMac
Research,Engineer_011,OpenAI,,Scientist,Principal,,,,,,,,,,,,,,,,,,,,,4.1,,,,,,,,v3.6,system_auto,,2025-12-16T02:16:41.878618,,iMac
Research,Engineer_012,DeepMind,,ML Engineer,Mid,,,,,,,,,,,,,,,,,,,,,9.82,,,,,,,,v3.6,system_auto,,2025-12-16T02:16:41.878618,,iMac
Frontier,Engineer_013,DeepMind,,ML Engineer,Principal,,,,,,,,,,,,,,,,,,,,,1.12,,,,,,,,v3.6,system_auto,,2025-12-16T02:16:41.878618,,iMac
Research,Engineer_014,Anthropic,,ML Engineer,Senior,,,,,,,,,,,,,,,,,,,,,3.98,,,,,,,,v3.6,system_auto,,2025-12-16T02:16:41.878618,,iMac
Applied,Engineer_015,Meta,,ML Engineer,Principal,,,,,,,,,,,,,,,,,,,,,9.69,,,,,,,,v3.6,system_auto,,2025-12-16T02:16:41.878618,,iMac
Frontier,Engineer_016,DeepMind,,ML Engineer,Senior,,,,,,,,,,,,,,,,,,,,,8.66,,,,,,,,v3.6,system_auto,,2025-12-16T02:16:41.878618,,iMac
Applied,Engineer_017,OpenAI,,Researcher,Mid,,,,,,,,,,,,,,,,,,,,,8.17,,,,,,,,v3.6,system_auto,,2025-12-16T02:16:41.878618,,iMac
Applied,Engineer_018,Meta,,ML Engineer,Mid,,,,,,,,,,,,,,,,,,,,,2.58,,,,,,,,v3.6,system_auto,,2025-12-16T02:16:41.878618,,iMac
Applied,Engineer_019,Meta,,ML Engineer,Mid,,,,,,,,,,,,,,,,,,,,,1.71,,,,,,,,v3.6,system_auto,,2025-12-16T02:16:41.878618,,iMac
Applied,Engineer_020,OpenAI,,Scientist,Mid,,,,,,,,,,,,,,,,,,,,,6.69,,,,,,,,v3.6,system_auto,,2025-12-16T02:16:41.878618,,iMac
Frontier,Engineer_021,DeepMind,,ML Engineer,Mid,,,,,,,,,,,,,,,,,,,,,9.29,,,,,,,,v3.6,system_auto,,2025-12-16T02:16:41.878618,,iMac
Frontier,Engineer_022,OpenAI,,Scientist,Senior,,,,,,,,,,,,,,,,,,,,,5.57,,,,,,,,v3.6,system_auto,,2025-12-16T02:16:41.878618,,iMac
Applied,Engineer_023,Meta,,Researcher,Senior,,,,,,,,,,,,,,,,,,,,,5.72,,,,,,,,v3.6,system_auto,,2025-12-16T02:16:41.878618,,iMac
Applied,Engineer_024,Google,,ML Engineer,Mid,,,,,,,,,,,,,,,,,,,,,2.8,,,,,,,,v3.6,system_auto,,2025-12-16T02:16:41.878618,,iMac
Frontier,Engineer_025,Google,,Scientist,Principal,,,,,,,,,,,,,,,,,,,,,7.69,,,,,,,,v3.6,system_auto,,2025-12-16T02:16:41.878618,,iMac
Frontier,Engineer_026,Anthropic,,Scientist,Junior,,,,,,,,,,,,,,,,,,,,,1.87,,,,,,,,v3.6,system_auto,,2025-12-16T02:16:41.878618,,iMac
Frontier,Engineer_027,OpenAI,,Researcher,Mid,,,,,,,,,,,,,,,,,,,,,3.24,,,,,,,,v3.6,system_auto,,2025-12-16T02:16:41.878618,,iMac
Research,Engineer_028,OpenAI,,ML Engineer,Principal,,,,,,,,,,,,,,,,,,,,,4.25,,,,,,,,v3.6,system_auto,,2025-12-16T02:16:41.878618,,iMac
Research,Engineer_029,Anthropic,,ML Engineer,Junior,,,,,,,,,,,,,,,,,,,,,5.08,,,,,,,,v3.6,system_auto,,2025-12-16T02:16:41.878618,,iMac
Research,Engineer_030,Anthropic,,Scientist,Mid,,,,,,,,,,,,,,,,,,,,,2.42,,,,,,,,v3.6,system_auto,,2025-12-16T02:16:41.878618,,iMac
Applied,Engineer_031,Anthropic,,ML Engineer,Mid,,,,,,,,,,,,,,,,,,,,,1.15,,,,,,,,v3.6,system_auto,,2025-12-16T02:16:41.878618,,iMac
Research,Engineer_032,Meta,,Scientist,Senior,,,,,,,,,,,,,,,,,,,,,6.11,,,,,,,,v3.6,system_auto,,2025-12-16T02:16:41.878618,,iMac
Applied,Engineer_033,OpenAI,,ML Engineer,Junior,,,,,,,,,,,,,,,,,,,,,2.89,,,,,,,,v3.6,system_auto,,2025-12-16T02:16:41.878618,,iMac
Applied,Engineer_034,Meta,,Scientist,Junior,,,,,,,,,,,,,,,,,,,,,5.81,,,,,,,,v3.6,system_auto,,2025-12-16T02:16:41.878618,,iMac
Research,Engineer_035,Anthropic,,ML Engineer,Principal,,,,,,,,,,,,,,,,,,,,,1.54,,,,,,,,v3.6,system_auto,,2025-12-16T02:16:41.878618,,iMac
Applied,Engineer_036,OpenAI,,Researcher,Senior,,,,,,,,,,,,,,,,,,,,,4.81,,,,,,,,v3.6,system_auto,,2025-12-16T02:16:41.878618,,iMac
Research,Engineer_037,Meta,,ML Engineer,Senior,,,,,,,,,,,,,,,,,,,,,5.33,,,,,,,,v3.6,system_auto,,2025-12-16T02:16:41.878618,,iMac
Research,Engineer_038,Meta,,ML Engineer,Senior,,,,,,,,,,,,,,,,,,,,,0.52,,,,,,,,v3.6,system_auto,,2025-12-16T02:16:41.878618,,iMac
Frontier,Engineer_039,Anthropic,,Researcher,Senior,,,,,,,,,,,,,,,,,,,,,3.37,,,,,,,,v3.6,system_auto,,2025-12-16T02:16:41.878618,,iMac
Research,Engineer_040,OpenAI,,ML Engineer,Junior,,,,,,,,,,,,,,,,,,,,,1.34,,,,,,,,v3.6,system_auto,,2025-12-16T02:16:41.878618,,iMac
Frontier,Engineer_041,Anthropic,,Researcher,Junior,,,,,,,,,,,,,,,,,,,,,0.63,,,,,,,,v3.6,system_auto,,2025-12-16T02:16:41.878618,,iMac
Research,Engineer_042,OpenAI,,ML Engineer,Mid,,,,,,,,,,,,,,,,,,,,,9.9,,,,,,,,v3.6,system_auto,,2025-12-16T02:16:41.878618,,iMac
Research,Engineer_043,Google,,Scientist,Mid,,,,,,,,,,,,,,,,,,,,,3.22,,,,,,,,v3.6,system_auto,,2025-12-16T02:16:41.878618,,iMac
Frontier,Engineer_044,DeepMind,,Scientist,Senior,,,,,,,,,,,,,,,,,,,,,8.1,,,,,,,,v3.6,system_auto,,2025-12-16T02:16:41.878618,,iMac
Frontier,Engineer_045,DeepMind,,ML Engineer,Senior,,,,,,,,,,,,,,,,,,,,,2.55,,,,,,,,v3.6,system_auto,,2025-12-16T02:16:41.878618,,iMac
Research,Engineer_046,DeepMind,,ML Engineer,Senior,,,,,,,,,,,,,,,,,,,,,6.82,,,,,,,,v3.6,system_auto,,2025-12-16T02:16:41.878618,,iMac
Applied,Engineer_047,Anthropic,,ML Engineer,Mid,,,,,,,,,,,,,,,,,,,,,7.6,,,,,,,,v3.6,system_auto,,2025-12-16T02:16:41.878618,,iMac
Frontier,Engineer_048,Google,,Scientist,Principal,,,,,,,,,,,,,,,,,,,,,5.96,,,,,,,,v3.6,system_auto,,2025-12-16T02:16:41.878618,,iMac
Applied,Engineer_049,OpenAI,,ML Engineer,Principal,,,,,,,,,,,,,,,,,,,,,4.72,,,,,,,,v3.6,system_auto,,2025-12-16T02:16:41.878618,,iMac
Applied,Engineer_050,Meta,,Scientist,Mid,,,,,,,,,,,,,,,,,,,,,4.12,,,,,,,,v3.6,system_auto,,2025-12-16T02:16:41.878618,,iMac
Applied,Engineer_051,OpenAI,,Researcher,Mid,,,,,,,,,,,,,,,,,,,,,3.49,,,,,,,,v3.6,system_auto,,2025-12-16T02:16:41.878618,,iMac
Frontier,Engineer_052,Meta,,Scientist,Mid,,,,,,,,,,,,,,,,,,,,,9.3,,,,,,,,v3.6,system_auto,,2025-12-16T02:16:41.878618,,iMac
Applied,Engineer_053,OpenAI,,Scientist,Mid,,,,,,,,,,,,,,,,,,,,,8.31,,,,,,,,v3.6,system_auto,,2025-12-16T02:16:41.878618,,iMac
Frontier,Engineer_054,Google,,Researcher,Mid,,,,,,,,,,,,,,,,,,,,,9.65,,,,,,,,v3.6,system_auto,,2025-12-16T02:16:41.878618,,iMac
Applied,Engineer_055,Meta,,Scientist,Mid,,,,,,,,,,,,,,,,,,,,,1.24,,,,,,,,v3.6,system_auto,,2025-12-16T02:16:41.878618,,iMac
Research,Engineer_056,Anthropic,,ML Engineer,Senior,,,,,,,,,,,,,,,,,,,,,7.31,,,,,,,,v3.6,system_auto,,2025-12-16T02:16:41.878618,,iMac
Research,Engineer_057,OpenAI,,ML Engineer,Senior,,,,,,,,,,,,,,,,,,,,,9.38,,,,,,,,v3.6,system_auto,,2025-12-16T02:16:41.878618,,iMac
Frontier,Engineer_058,OpenAI,,Scientist,Senior,,,,,,,,,,,,,,,,,,,,,1.81,,,,,,,,v3.6,system_auto,,2025-12-16T02:16:41.878618,,iMac
Research,Engineer_059,Meta,,ML Engineer,Senior,,,,,,,,,,,,,,,,,,,,,0.66,,,,,,,,v3.6,system_auto,,2025-12-16T02:16:41.878618,,iMac
Research,Engineer_060,Anthropic,,Scientist,Mid,,,,,,,,,,,,,,,,,,,,,7.41,,,,,,,,v3.6,system_auto,,2025-12-16T02:16:41.878618,,iMac
Applied,Engineer_061,Anthropic,,ML Engineer,Principal,,,,,,,,,,,,,,,,,,,,,5.74,,,,,,,,v3.6,system_auto,,2025-12-16T02:16:41.878618,,iMac
Frontier,Engineer_062,Google,,ML Engineer,Junior,,,,,,,,,,,,,,,,,,,,,8.42,,,,,,,,v3.6,system_auto,,2025-12-16T02:16:41.878618,,iMac
Applied,Engineer_063,Anthropic,,Scientist,Mid,,,,,,,,,,,,,,,,,,,,,1.4,,,,,,,,v3.6,system_auto,,2025-12-16T02:16:41.878618,,iMac
Applied,Engineer_064,Anthropic,,ML Engineer,Junior,,,,,,,,,,,,,,,,,,,,,7.95,,,,,,,,v3.6,system_auto,,2025-12-16T02:16:41.878618,,iMac
Applied,Engineer_065,Anthropic,,Scientist,Principal,,,,,,,,,,,,,,,,,,,,,2.02,,,,,,,,v3.6,system_auto,,2025-12-16T02:16:41.878618,,iMac
Applied,Engineer_066,DeepMind,,ML Engineer,Senior,,,,,,,,,,,,,,,,,,,,,1.64,,,,,,,,v3.6,system_auto,,2025-12-16T02:16:41.878618,,iMac
Applied,Engineer_067,Google,,ML Engineer,Principal,,,,,,,,,,,,,,,,,,,,,1.64,,,,,,,,v3.6,system_auto,,2025-12-16T02:16:41.878618,,iMac
Applied,Engineer_068,OpenAI,,Researcher,Mid,,,,,,,,,,,,,,,,,,,,,8.15,,,,,,,,v3.6,system_auto,,2025-12-16T02:16:41.878618,,iMac
Applied,Engineer_069,Meta,,Researcher,Senior,,,,,,,,,,,,,,,,,,,,,6.65,,,,,,,,v3.6,system_auto,,2025-12-16T02:16:41.878618,,iMac
Frontier,Engineer_070,OpenAI,,Scientist,Mid,,,,,,,,,,,,,,,,,,,,,5.23,,,,,,,,v3.6,system_auto,,2025-12-16T02:16:41.878618,,iMac
Research,Engineer_071,Google,,Researcher,Senior,,,,,,,,,,,,,,,,,,,,,3.59,,,,,,,,v3.6,system_auto,,2025-12-16T02:16:41.878618,,iMac
Applied,Engineer_072,Meta,,Scientist,Junior,,,,,,,,,,,,,,,,,,,,,8.77,,,,,,,,v3.6,system_auto,,2025-12-16T02:16:41.878618,,iMac
Applied,Engineer_073,Google,,Researcher,Junior,,,,,,,,,,,,,,,,,,,,,3.92,,,,,,,,v3.6,system_auto,,2025-12-16T02:16:41.878618,,iMac
Applied,Engineer_074,Anthropic,,ML Engineer,Junior,,,,,,,,,,,,,,,,,,,,,8.17,,,,,,,,v3.6,system_auto,,2025-12-16T02:16:41.878618,,iMac
Applied,Engineer_075,Meta,,Scientist,Principal,,,,,,,,,,,,,,,,,,,,,4.39,,,,,,,,v3.6,system_auto,,2025-12-16T02:16:41.878618,,iMac
Applied,Engineer_076,Anthropic,,Scientist,Mid,,,,,,,,,,,,,,,,,,,,,3.77,,,,,,,,v3.6,system_auto,,2025-12-16T02:16:41.878618,,iMac
Applied,Engineer_077,OpenAI,,ML Engineer,Principal,,,,,,,,,,,,,,,,,,,,,4.63,,,,,,,,v3.6,system_auto,,2025-12-16T02:16:41.878618,,iMac
Research,Engineer_078,OpenAI,,Scientist,Junior,,,,,,,,,,,,,,,,,,,,,3.01,,,,,,,,v3.6,system_auto,,2025-12-16T02:16:41.878618,,iMac
Research,Engineer_079,Meta,,Scientist,Mid,,,,,,,,,,,,,,,,,,,,,7.48,,,,,,,,v3.6,system_auto,,2025-12-16T02:16:41.878618,,iMac
Applied,Engineer_080,Meta,,Researcher,Junior,,,,,,,,,,,,,,,,,,,,,5.03,,,,,,,,v3.6,system_auto,,2025-12-16T02:16:41.878618,,iMac
Research,Engineer_081,Google,,Scientist,Principal,,,,,,,,,,,,,,,,,,,,,2.32,,,,,,,,v3.6,system_auto,,2025-12-16T02:16:41.878618,,iMac
Frontier,Engineer_082,Google,,ML Engineer,Principal,,,,,,,,,,,,,,,,,,,,,9.0,,,,,,,,v3.6,system_auto,,2025-12-16T02:16:41.878618,,iMac
Applied,Engineer_083,Anthropic,,Researcher,Principal,,,,,,,,,,,,,,,,,,,,,3.84,,,,,,,,v3.6,system_auto,,2025-12-16T02:16:41.878618,,iMac
Frontier,Engineer_084,Meta,,Researcher,Junior,,,,,,,,,,,,,,,,,,,,,5.44,,,,,,,,v3.6,system_auto,,2025-12-16T02:16:41.878618,,iMac
Frontier,Engineer_085,OpenAI,,ML Engineer,Mid,,,,,,,,,,,,,,,,,,,,,9.06,,,,,,,,v3.6,system_auto,,2025-12-16T02:16:41.878618,,iMac
Applied,Engineer_086,Google,,ML Engineer,Mid,,,,,,,,,,,,,,,,,,,,,6.24,,,,,,,,v3.6,system_auto,,2025-12-16T02:16:41.878618,,iMac
Research,Engineer_087,Google,,Researcher,Junior,,,,,,,,,,,,,,,,,,,,,1.17,,,,,,,,v3.6,system_auto,,2025-12-16T02:16:41.878618,,iMac
Frontier,Engineer_088,OpenAI,,Scientist,Mid,,,,,,,,,,,,,,,,,,,,,9.4,,,,,,,,v3.6,system_auto,,2025-12-16T02:16:41.878618,,iMac
Applied,Engineer_089,Google,,Researcher,Junior,,,,,,,,,,,,,,,,,,,,,6.28,,,,,,,,v3.6,system_auto,,2025-12-16T02:16:41.878618,,iMac
Frontier,Engineer_090,Anthropic,,ML Engineer,Mid,,,,,,,,,,,,,,,,,,,,,3.35,,,,,,,,v3.6,system_auto,,2025-12-16T02:16:41.878618,,iMac
Frontier,Engineer_091,Meta,,Researcher,Senior,,,,,,,,,,,,,,,,,,,,,1.39,,,,,,,,v3.6,system_auto,,2025-12-16T02:16:41.878618,,iMac
Frontier,Engineer_092,OpenAI,,ML Engineer,Senior,,,,,,,,,,,,,,,,,,,,,7.94,,,,,,,,v3.6,system_auto,,2025-12-16T02:16:41.878618,,iMac
Frontier,Engineer_093,Meta,,Researcher,Principal,,,,,,,,,,,,,,,,,,,,,6.2,,,,,,,,v3.6,system_auto,,2025-12-16T02:16:41.878618,,iMac
Research,Engineer_094,Google,,Scientist,Senior,,,,,,,,,,,,,,,,,,,,,5.33,,,,,,,,v3.6,system_auto,,2025-12-16T02:16:41.878618,,iMac
Frontier,Engineer_095,Google,,Researcher,Senior,,,,,,,,,,,,,,,,,,,,,8.94,,,,,,,,v3.6,system_auto,,2025-12-16T02:16:41.878618,,iMac
Frontier,Engineer_096,OpenAI,,Researcher,Senior,,,,,,,,,,,,,,,,,,,,,7.89,,,,,,,,v3.6,system_auto,,2025-12-16T02:16:41.878618,,iMac
Frontier,Engineer_097,Anthropic,,ML Engineer,Junior,,,,,,,,,,,,,,,,,,,,,1.52,,,,,,,,v3.6,system_auto,,2025-12-16T02:16:41.878618,,iMac
Research,Engineer_098,DeepMind,,ML Engineer,Senior,,,,,,,,,,,,,,,,,,,,,3.12,,,,,,,,v3.6,system_auto,,2025-12-16T02:16:41.878618,,iMac
Frontier,Engineer_099,OpenAI,,ML Engineer,Senior,,,,,,,,,,,,,,,,,,,,,2.48,,,,,,,,v3.6,system_auto,,2025-12-16T02:16:41.878618,,iMac
Frontier,Engineer_100,DeepMind,,Researcher,Principal,,,,,,,,,,,,,,,,,,,,,7.44,,,,,,,,v3.6,system_auto,,2025-12-16T02:16:41.878618,,iMac
Research,Engineer_101,DeepMind,,Scientist,Senior,,,,,,,,,,,,,,,,,,,,,0.34,,,,,,,,v3.6,system_auto,,2025-12-16T02:16:41.878618,,iMac
Research,Engineer_102,Anthropic,,ML Engineer,Senior,,,,,,,,,,,,,,,,,,,,,5.7,,,,,,,,v3.6,system_auto,,2025-12-16T02:16:41.878618,,iMac
Research,Engineer_103,DeepMind,,ML Engineer,Mid,,,,,,,,,,,,,,,,,,,,,7.62,,,,,,,,v3.6,system_auto,,2025-12-16T02:16:41.878618,,iMac
Frontier,Engineer_104,DeepMind,,Researcher,Principal,,,,,,,,,,,,,,,,,,,,,8.77,,,,,,,,v3.6,system_auto,,2025-12-16T02:16:41.878618,,iMac
Research,Engineer_105,Anthropic,,ML Engineer,Principal,,,,,,,,,,,,,,,,,,,,,3.42,,,,,,,,v3.6,system_auto,,2025-12-16T02:16:41.878618,,iMac
Research,Engineer_106,DeepMind,,Scientist,Principal,,,,,,,,,,,,,,,,,,,,,8.21,,,,,,,,v3.6,system_auto,,2025-12-16T02:16:41.878618,,iMac
Frontier,Engineer_107,DeepMind,,Scientist,Principal,,,,,,,,,,,,,,,,,,,,,1.11,,,,,,,,v3.6,system_auto,,2025-12-16T02:16:41.878618,,iMac
Research,Engineer_108,DeepMind,,ML Engineer,Principal,,,,,,,,,,,,,,,,,,,,,8.46,,,,,,,,v3.6,system_auto,,2025-12-16T02:16:41.878618,,iMac
Frontier,Engineer_109,OpenAI,,ML Engineer,Principal,,,,,,,,,,,,,,,,,,,,,1.27,,,,,,,,v3.6,system_auto,,2025-12-16T02:16:41.878618,,iMac
Applied,Engineer_110,OpenAI,,Researcher,Junior,,,,,,,,,,,,,,,,,,,,,3.97,,,,,,,,v3.6,system_auto,,2025-12-16T02:16:41.878618,,iMac
Research,Engineer_111,OpenAI,,Scientist,Senior,,,,,,,,,,,,,,,,,,,,,7.97,,,,,,,,v3.6,system_auto,,2025-12-16T02:16:41.878618,,iMac
Applied,Engineer_112,Anthropic,,Scientist,Principal,,,,,,,,,,,,,,,,,,,,,1.5,,,,,,,,v3.6,system_auto,,2025-12-16T02:16:41.878618,,iMac
Frontier,Engineer_113,Google,,ML Engineer,Senior,,,,,,,,,,,,,,,,,,,,,2.29,,,,,,,,v3.6,system_auto,,2025-12-16T02:16:41.878618,,iMac
Research,Engineer_114,DeepMind,,Researcher,Senior,,,,,,,,,,,,,,,,,,,,,7.22,,,,,,,,v3.6,system_auto,,2025-12-16T02:16:41.878618,,iMac
Frontier,Engineer_115,DeepMind,,Scientist,Junior,,,,,,,,,,,,,,,,,,,,,7.2,,,,,,,,v3.6,system_auto,,2025-12-16T02:16:41.878618,,iMac
Applied,Engineer_116,Anthropic,,Scientist,Principal,,,,,,,,,,,,,,,,,,,,,6.41,,,,,,,,v3.6,system_auto,,2025-12-16T02:16:41.878618,,iMac
Frontier,Engineer_117,DeepMind,,Researcher,Mid,,,,,,,,,,,,,,,,,,,,,6.94,,,,,,,,v3.6,system_auto,,2025-12-16T02:16:41.878618,,iMac
Research,Engineer_118,OpenAI,,Researcher,Junior,,,,,,,,,,,,,,,,,,,,,5.43,,,,,,,,v3.6,system_auto,,2025-12-16T02:16:41.878618,,iMac
Research,Engineer_119,Google,,Scientist,Mid,,,,,,,,,,,,,,,,,,,,,2.52,,,,,,,,v3.6,system_auto,,2025-12-16T02:16:41.878618,,iMac
Applied,Engineer_120,Meta,,Scientist,Senior,,,,,,,,,,,,,,,,,,,,,3.46,,,,,,,,v3.6,system_auto,,2025-12-16T02:16:41.878618,,iMac
Frontier,Engineer_121,DeepMind,,Researcher,Senior,,,,,,,,,,,,,,,,,,,,,1.82,,,,,,,,v3.6,system_auto,,2025-12-16T02:16:41.878618,,iMac
Research,Engineer_122,OpenAI,,Scientist,Junior,,,,,,,,,,,,,,,,,,,,,9.08,,,,,,,,v3.6,system_auto,,2025-12-16T02:16:41.878618,,iMac
Applied,Engineer_123,Meta,,ML Engineer,Junior,,,,,,,,,,,,,,,,,,,,,5.83,,,,,,,,v3.6,system_auto,,2025-12-16T02:16:41.878618,,iMac
Research,Engineer_124,Google,,ML Engineer,Mid,,,,,,,,,,,,,,,,,,,,,4.01,,,,,,,,v3.6,system_auto,,2025-12-16T02:16:41.878618,,iMac
Research,Engineer_125,Meta,,Researcher,Principal,,,,,,,,,,,,,,,,,,,,,4.62,,,,,,,,v3.6,system_auto,,2025-12-16T02:16:41.878618,,iMac
Frontier,Engineer_126,OpenAI,,Researcher,Mid,,,,,,,,,,,,,,,,,,,,,9.47,,,,,,,,v3.6,system_auto,,2025-12-16T02:16:41.878618,,iMac
Research,Engineer_127,Meta,,Researcher,Junior,,,,,,,,,,,,,,,,,,,,,1.53,,,,,,,,v3.6,system_auto,,2025-12-16T02:16:41.878618,,iMac
Frontier,Engineer_128,Anthropic,,ML Engineer,Mid,,,,,,,,,,,,,,,,,,,,,5.86,,,,,,,,v3.6,system_auto,,2025-12-16T02:16:41.878618,,iMac
Research,Engineer_129,Meta,,Scientist,Junior,,,,,,,,,,,,,,,,,,,,,5.06,,,,,,,,v3.6,system_auto,,2025-12-16T02:16:41.878618,,iMac
Applied,Engineer_130,DeepMind,,ML Engineer,Mid,,,,,,,,,,,,,,,,,,,,,6.11,,,,,,,,v3.6,system_auto,,2025-12-16T02:16:41.878618,,iMac
Research,Engineer_131,DeepMind,,Scientist,Junior,,,,,,,,,,,,,,,,,,,,,0.18,,,,,,,,v3.6,system_auto,,2025-12-16T02:16:41.878618,,iMac
Frontier,Engineer_132,Anthropic,,ML Engineer,Junior,,,,,,,,,,,,,,,,,,,,,8.72,,,,,,,,v3.6,system_auto,,2025-12-16T02:16:41.878618,,iMac
Frontier,Engineer_133,OpenAI,,Scientist,Junior,,,,,,,,,,,,,,,,,,,,,9.32,,,,,,,,v3.6,system_auto,,2025-12-16T02:16:41.878618,,iMac
Applied,Engineer_134,DeepMind,,ML Engineer,Principal,,,,,,,,,,,,,,,,,,,,,5.65,,,,,,,,v3.6,system_auto,,2025-12-16T02:16:41.878618,,iMac
Research,Engineer_135,Google,,Researcher,Mid,,,,,,,,,,,,,,,,,,,,,6.97,,,,,,,,v3.6,system_auto,,2025-12-16T02:16:41.878618,,iMac
Research,Engineer_136,DeepMind,,ML Engineer,Mid,,,,,,,,,,,,,,,,,,,,,9.22,,,,,,,,v3.6,system_auto,,2025-12-16T02:16:41.878618,,iMac
Applied,Engineer_137,DeepMind,,Scientist,Mid,,,,,,,,,,,,,,,,,,,,,7.07,,,,,,,,v3.6,system_auto,,2025-12-16T02:16:41.878618,,iMac
Research,Engineer_138,OpenAI,,ML Engineer,Junior,,,,,,,,,,,,,,,,,,,,,1.53,,,,,,,,v3.6,system_auto,,2025-12-16T02:16:41.878618,,iMac
Research,Engineer_139,Meta,,ML Engineer,Mid,,,,,,,,,,,,,,,,,,,,,5.76,,,,,,,,v3.6,system_auto,,2025-12-16T02:16:41.878618,,iMac
Frontier,Engineer_140,DeepMind,,ML Engineer,Mid,,,,,,,,,,,,,,,,,,,,,6.07,,,,,,,,v3.6,system_auto,,2025-12-16T02:16:41.878618,,iMac
Research,Engineer_141,Anthropic,,Researcher,Junior,,,,,,,,,,,,,,,,,,,,,4.24,,,,,,,,v3.6,system_auto,,2025-12-16T02:16:41.878618,,iMac
Research,Engineer_142,Meta,,ML Engineer,Senior,,,,,,,,,,,,,,,,,,,,,7.36,,,,,,,,v3.6,system_auto,,2025-12-16T02:16:41.878618,,iMac
Applied,Engineer_143,Google,,Researcher,Junior,,,,,,,,,,,,,,,,,,,,,9.34,,,,,,,,v3.6,system_auto,,2025-12-16T02:16:41.878618,,iMac
Applied,Engineer_144,OpenAI,,Researcher,Mid,,,,,,,,,,,,,,,,,,,,,9.26,,,,,,,,v3.6,system_auto,,2025-12-16T02:16:41.878618,,iMac
Frontier,Engineer_145,Google,,ML Engineer,Junior,,,,,,,,,,,,,,,,,,,,,4.51,,,,,,,,v3.6,system_auto,,2025-12-16T02:16:41.878618,,iMac
Research,Engineer_146,Meta,,ML Engineer,Senior,,,,,,,,,,,,,,,,,,,,,1.13,,,,,,,,v3.6,system_auto,,2025-12-16T02:16:41.878618,,iMac
Research,Engineer_147,Meta,,ML Engineer,Junior,,,,,,,,,,,,,,,,,,,,,9.85,,,,,,,,v3.6,system_auto,,2025-12-16T02:16:41.878618,,iMac
Research,Engineer_148,Meta,,Scientist,Mid,,,,,,,,,,,,,,,,,,,,,8.39,,,,,,,,v3.6,system_auto,,2025-12-16T02:16:41.878618,,iMac
Frontier,Engineer_149,Google,,ML Engineer,Senior,,,,,,,,,,,,,,,,,,,,,1.25,,,,,,,,v3.6,system_auto,,2025-12-16T02:16:41.878618,,iMac
Frontier,Engineer_150,Meta,,Researcher,Principal,,,,,,,,,,,,,,,,,,,,,9.21,,,,,,,,v3.6,system_auto,,2025-12-16T02:16:41.878618,,iMac
Applied,Engineer_151,Google,,ML Engineer,Mid,,,,,,,,,,,,,,,,,,,,,8.7,,,,,,,,v3.6,system_auto,,2025-12-16T02:16:41.878618,,iMac
Frontier,Engineer_152,Meta,,Scientist,Senior,,,,,,,,,,,,,,,,,,,,,5.19,,,,,,,,v3.6,system_auto,,2025-12-16T02:16:41.878618,,iMac
Research,Engineer_153,Anthropic,,ML Engineer,Senior,,,,,,,,,,,,,,,,,,,,,5.91,,,,,,,,v3.6,system_auto,,2025-12-16T02:16:41.878618,,iMac
Research,Engineer_154,Meta,,Scientist,Principal,,,,,,,,,,,,,,,,,,,,,3.99,,,,,,,,v3.6,system_auto,,2025-12-16T02:16:41.878618,,iMac
Frontier,Engineer_155,Google,,Scientist,Junior,,,,,,,,,,,,,,,,,,,,,0.55,,,,,,,,v3.6,system_auto,,2025-12-16T02:16:41.878618,,iMac
Research,Engineer_156,DeepMind,,ML Engineer,Junior,,,,,,,,,,,,,,,,,,,,,3.35,,,,,,,,v3.6,system_auto,,2025-12-16T02:16:41.878618,,iMac
Research,Engineer_157,Meta,,Researcher,Mid,,,,,,,,,,,,,,,,,,,,,8.03,,,,,,,,v3.6,system_auto,,2025-12-16T02:16:41.878618,,iMac
Frontier,Engineer_158,DeepMind,,Scientist,Principal,,,,,,,,,,,,,,,,,,,,,0.05,,,,,,,,v3.6,system_auto,,2025-12-16T02:16:41.878618,,iMac
Frontier,Engineer_159,Anthropic,,ML Engineer,Junior,,,,,,,,,,,,,,,,,,,,,3.33,,,,,,,,v3.6,system_auto,,2025-12-16T02:16:41.878618,,iMac
Research,Engineer_160,OpenAI,,ML Engineer,Principal,,,,,,,,,,,,,,,,,,,,,3.98,,,,,,,,v3.6,system_auto,,2025-12-16T02:16:41.878618,,iMac
Research,Engineer_161,Anthropic,,Researcher,Junior,,,,,,,,,,,,,,,,,,,,,5.37,,,,,,,,v3.6,system_auto,,2025-12-16T02:16:41.878618,,iMac
Research,Engineer_162,Meta,,Scientist,Senior,,,,,,,,,,,,,,,,,,,,,9.2,,,,,,,,v3.6,system_auto,,2025-12-16T02:16:41.878618,,iMac
Applied,Engineer_163,DeepMind,,Scientist,Junior,,,,,,,,,,,,,,,,,,,,,3.46,,,,,,,,v3.6,system_auto,,2025-12-16T02:16:41.878618,,iMac
Applied,Engineer_164,DeepMind,,ML Engineer,Principal,,,,,,,,,,,,,,,,,,,,,3.47,,,,,,,,v3.6,system_auto,,2025-12-16T02:16:41.878618,,iMac
Applied,Engineer_165,Google,,ML Engineer,Senior,,,,,,,,,,,,,,,,,,,,,7.38,,,,,,,,v3.6,system_auto,,2025-12-16T02:16:41.878618,,iMac
Frontier,Engineer_166,DeepMind,,Researcher,Senior,,,,,,,,,,,,,,,,,,,,,4.52,,,,,,,,v3.6,system_auto,,2025-12-16T02:16:41.878618,,iMac
Applied,Engineer_167,Google,,Researcher,Senior,,,,,,,,,,,,,,,,,,,,,2.25,,,,,,,,v3.6,system_auto,,2025-12-16T02:16:41.878618,,iMac
Frontier,Engineer_168,OpenAI,,Scientist,Principal,,,,,,,,,,,,,,,,,,,,,4.52,,,,,,,,v3.6,system_auto,,2025-12-16T02:16:41.878618,,iMac
Frontier,Engineer_169,Meta,,Scientist,Mid,,,,,,,,,,,,,,,,,,,,,1.41,,,,,,,,v3.6,system_auto,,2025-12-16T02:16:41.878618,,iMac
Applied,Engineer_170,Google,,ML Engineer,Mid,,,,,,,,,,,,,,,,,,,,,1.76,,,,,,,,v3.6,system_auto,,2025-12-16T02:16:41.878618,,iMac
Applied,Engineer_171,OpenAI,,Scientist,Mid,,,,,,,,,,,,,,,,,,,,,4.98,,,,,,,,v3.6,system_auto,,2025-12-16T02:16:41.878618,,iMac
Applied,Engineer_172,DeepMind,,Researcher,Principal,,,,,,,,,,,,,,,,,,,,,4.19,,,,,,,,v3.6,system_auto,,2025-12-16T02:16:41.878618,,iMac
Research,Engineer_173,DeepMind,,Researcher,Senior,,,,,,,,,,,,,,,,,,,,,9.15,,,,,,,,v3.6,system_auto,,2025-12-16T02:16:41.878618,,iMac
Applied,Engineer_174,OpenAI,,ML Engineer,Mid,,,,,,,,,,,,,,,,,,,,,3.62,,,,,,,,v3.6,system_auto,,2025-12-16T02:16:41.878618,,iMac
Research,Engineer_175,DeepMind,,Researcher,Principal,,,,,,,,,,,,,,,,,,,,,5.81,,,,,,,,v3.6,system_auto,,2025-12-16T02:16:41.878618,,iMac
Frontier,Engineer_176,OpenAI,,Researcher,Mid,,,,,,,,,,,,,,,,,,,,,6.32,,,,,,,,v3.6,system_auto,,2025-12-16T02:16:41.878618,,iMac
Research,Engineer_177,Google,,Researcher,Junior,,,,,,,,,,,,,,,,,,,,,0.13,,,,,,,,v3.6,system_auto,,2025-12-16T02:16:41.878618,,iMac
Applied,Engineer_178,Google,,Researcher,Mid,,,,,,,,,,,,,,,,,,,,,6.64,,,,,,,,v3.6,system_auto,,2025-12-16T02:16:41.878618,,iMac
Frontier,Engineer_179,OpenAI,,ML Engineer,Mid,,,,,,,,,,,,,,,,,,,,,1.78,,,,,,,,v3.6,system_auto,,2025-12-16T02:16:41.878618,,iMac
Frontier,Engineer_180,Google,,ML Engineer,Senior,,,,,,,,,,,,,,,,,,,,,9.61,,,,,,,,v3.6,system_auto,,2025-12-16T02:16:41.878618,,iMac
Frontier,Engineer_181,Google,,Scientist,Principal,,,,,,,,,,,,,,,,,,,,,1.49,,,,,,,,v3.6,system_auto,,2025-12-16T02:16:41.878618,,iMac
Research,Engineer_182,Google,,Researcher,Senior,,,,,,,,,,,,,,,,,,,,,4.15,,,,,,,,v3.6,system_auto,,2025-12-16T02:16:41.878618,,iMac
Applied,Engineer_183,Anthropic,,Scientist,Senior,,,,,,,,,,,,,,,,,,,,,0.85,,,,,,,,v3.6,system_auto,,2025-12-16T02:16:41.878618,,iMac
Frontier,Engineer_184,Meta,,ML Engineer,Senior,,,,,,,,,,,,,,,,,,,,,9.97,,,,,,,,v3.6,system_auto,,2025-12-16T02:16:41.878618,,iMac
Frontier,Engineer_185,DeepMind,,ML Engineer,Senior,,,,,,,,,,,,,,,,,,,,,5.02,,,,,,,,v3.6,system_auto,,2025-12-16T02:16:41.878618,,iMac
Frontier,Engineer_186,Anthropic,,ML Engineer,Senior,,,,,,,,,,,,,,,,,,,,,5.95,,,,,,,,v3.6,system_auto,,2025-12-16T02:16:41.878618,,iMac
Research,Engineer_187,Google,,ML Engineer,Mid,,,,,,,,,,,,,,,,,,,,,0.67,,,,,,,,v3.6,system_auto,,2025-12-16T02:16:41.878618,,iMac
Research,Engineer_188,OpenAI,,ML Engineer,Senior,,,,,,,,,,,,,,,,,,,,,7.5,,,,,,,,v3.6,system_auto,,2025-12-16T02:16:41.878618,,iMac
Applied,Engineer_189,Google,,ML Engineer,Senior,,,,,,,,,,,,,,,,,,,,,2.1,,,,,,,,v3.6,system_auto,,2025-12-16T02:16:41.878618,,iMac
Research,Engineer_190,Meta,,ML Engineer,Principal,,,,,,,,,,,,,,,,,,,,,8.98,,,,,,,,v3.6,system_auto,,2025-12-16T02:16:41.878618,,iMac
Frontier,Engineer_191,Google,,Researcher,Junior,,,,,,,,,,,,,,,,,,,,,2.05,,,,,,,,v3.6,system_auto,,2025-12-16T02:16:41.878618,,iMac
Applied,Engineer_192,OpenAI,,Scientist,Mid,,,,,,,,,,,,,,,,,,,,,1.91,,,,,,,,v3.6,system_auto,,2025-12-16T02:16:41.878618,,iMac
Frontier,Engineer_193,Meta,,ML Engineer,Mid,,,,,,,,,,,,,,,,,,,,,0.37,,,,,,,,v3.6,system_auto,,2025-12-16T02:16:41.878618,,iMac
Frontier,Engineer_194,Google,,Researcher,Mid,,,,,,,,,,,,,,,,,,,,,4.72,,,,,,,,v3.6,system_auto,,2025-12-16T02:16:41.878618,,iMac
Research,Engineer_195,Meta,,Researcher,Senior,,,,,,,,,,,,,,,,,,,,,5.65,,,,,,,,v3.6,system_auto,,2025-12-16T02:16:41.878618,,iMac
Applied,Engineer_196,DeepMind,,Scientist,Senior,,,,,,,,,,,,,,,,,,,,,0.66,,,,,,,,v3.6,system_auto,,2025-12-16T02:16:41.878618,,iMac
Research,Engineer_197,DeepMind,,ML Engineer,Senior,,,,,,,,,,,,,,,,,,,,,7.76,,,,,,,,v3.6,system_auto,,2025-12-16T02:16:41.878618,,iMac
Research,Engineer_198,Google,,Scientist,Principal,,,,,,,,,,,,,,,,,,,,,4.53,,,,,,,,v3.6,system_auto,,2025-12-16T02:16:41.878618,,iMac
Applied,Engineer_199,Meta,,ML Engineer,Junior,,,,,,,,,,,,,,,,,,,,,5.24,,,,,,,,v3.6,system_auto,,2025-12-16T02:16:41.878618,,iMac
Frontier,Engineer_200,OpenAI,,Researcher,Senior,,,,,,,,,,,,,,,,,,,,,4.41,,,,,,,,v3.6,system_auto,,2025-12-16T02:16:41.878618,,iMac
Frontier,Engineer_201,Google,,Researcher,Junior,,,,,,,,,,,,,,,,,,,,,4.01,,,,,,,,v3.6,system_auto,,2025-12-16T02:16:41.878618,,iMac
Applied,Engineer_202,DeepMind,,Researcher,Principal,,,,,,,,,,,,,,,,,,,,,5.6,,,,,,,,v3.6,system_auto,,2025-12-16T02:16:41.878618,,iMac
Frontier,Engineer_203,DeepMind,,Researcher,Mid,,,,,,,,,,,,,,,,,,,,,1.55,,,,,,,,v3.6,system_auto,,2025-12-16T02:16:41.878618,,iMac
Applied,Engineer_204,Google,,Scientist,Senior,,,,,,,,,,,,,,,,,,,,,1.82,,,,,,,,v3.6,system_auto,,2025-12-16T02:16:41.878618,,iMac
Applied,Engineer_205,Meta,,ML Engineer,Junior,,,,,,,,,,,,,,,,,,,,,8.62,,,,,,,,v3.6,system_auto,,2025-12-16T02:16:41.878618,,iMac
Research,Engineer_206,DeepMind,,ML Engineer,Junior,,,,,,,,,,,,,,,,,,,,,9.46,,,,,,,,v3.6,system_auto,,2025-12-16T02:16:41.878618,,iMac
Applied,Engineer_207,Meta,,Scientist,Senior,,,,,,,,,,,,,,,,,,,,,3.73,,,,,,,,v3.6,system_auto,,2025-12-16T02:16:41.878618,,iMac
Research,Engineer_208,DeepMind,,ML Engineer,Mid,,,,,,,,,,,,,,,,,,,,,2.71,,,,,,,,v3.6,system_auto,,2025-12-16T02:16:41.878618,,iMac
Frontier,Engineer_209,DeepMind,,Researcher,Mid,,,,,,,,,,,,,,,,,,,,,6.44,,,,,,,,v3.6,system_auto,,2025-12-16T02:16:41.878618,,iMac
Frontier,Engineer_210,Anthropic,,ML Engineer,Mid,,,,,,,,,,,,,,,,,,,,,4.09,,,,,,,,v3.6,system_auto,,2025-12-16T02:16:41.878618,,iMac
Frontier,Engineer_211,DeepMind,,Researcher,Principal,,,,,,,,,,,,,,,,,,,,,0.25,,,,,,,,v3.6,system_auto,,2025-12-16T02:16:41.878618,,iMac
Frontier,Engineer_212,OpenAI,,Scientist,Junior,,,,,,,,,,,,,,,,,,,,,1.56,,,,,,,,v3.6,system_auto,,2025-12-16T02:16:41.878618,,iMac
Research,Engineer_213,Google,,ML Engineer,Junior,,,,,,,,,,,,,,,,,,,,,7.16,,,,,,,,v3.6,system_auto,,2025-12-16T02:16:41.878618,,iMac
Frontier,Engineer_214,Google,,Scientist,Junior,,,,,,,,,,,,,,,,,,,,,6.59,,,,,,,,v3.6,system_auto,,2025-12-16T02:16:41.878618,,iMac
Applied,Engineer_215,Meta,,ML Engineer,Principal,,,,,,,,,,,,,,,,,,,,,0.27,,,,,,,,v3.6,system_auto,,2025-12-16T02:16:41.878618,,iMac
Applied,Engineer_216,DeepMind,,Researcher,Junior,,,,,,,,,,,,,,,,,,,,,2.22,,,,,,,,v3.6,system_auto,,2025-12-16T02:16:41.878618,,iMac
Applied,Engineer_217,OpenAI,,Scientist,Principal,,,,,,,,,,,,,,,,,,,,,2.31,,,,,,,,v3.6,system_auto,,2025-12-16T02:16:41.878618,,iMac
Research,Engineer_218,Meta,,ML Engineer,Mid,,,,,,,,,,,,,,,,,,,,,6.72,,,,,,,,v3.6,system_auto,,2025-12-16T02:16:41.878618,,iMac
Frontier,Engineer_219,Anthropic,,Researcher,Senior,,,,,,,,,,,,,,,,,,,,,0.2,,,,,,,,v3.6,system_auto,,2025-12-16T02:16:41.878618,,iMac
Frontier,Engineer_220,Meta,,Scientist,Junior,,,,,,,,,,,,,,,,,,,,,1.04,,,,,,,,v3.6,system_auto,,2025-12-16T02:16:41.878618,,iMac
Frontier,Engineer_221,Meta,,Scientist,Junior,,,,,,,,,,,,,,,,,,,,,8.0,,,,,,,,v3.6,system_auto,,2025-12-16T02:16:41.878618,,iMac
Research,Engineer_222,DeepMind,,ML Engineer,Mid,,,,,,,,,,,,,,,,,,,,,1.79,,,,,,,,v3.6,system_auto,,2025-12-16T02:16:41.878618,,iMac
Applied,Engineer_223,Anthropic,,ML Engineer,Senior,,,,,,,,,,,,,,,,,,,,,6.53,,,,,,,,v3.6,system_auto,,2025-12-16T02:16:41.878618,,iMac
Applied,Engineer_224,Meta,,ML Engineer,Principal,,,,,,,,,,,,,,,,,,,,,2.38,,,,,,,,v3.6,system_auto,,2025-12-16T02:16:41.878618,,iMac
Frontier,Engineer_225,OpenAI,,Researcher,Senior,,,,,,,,,,,,,,,,,,,,,0.99,,,,,,,,v3.6,system_auto,,2025-12-16T02:16:41.878618,,iMac
Applied,Engineer_226,OpenAI,,ML Engineer,Mid,,,,,,,,,,,,,,,,,,,,,2.43,,,,,,,,v3.6,system_auto,,2025-12-16T02:16:41.878618,,iMac
Applied,Engineer_227,Google,,Scientist,Mid,,,,,,,,,,,,,,,,,,,,,7.22,,,,,,,,v3.6,system_auto,,2025-12-16T02:16:41.878618,,iMac
Research,Engineer_228,Anthropic,,Scientist,Senior,,,,,,,,,,,,,,,,,,,,,8.56,,,,,,,,v3.6,system_auto,,2025-12-16T02:16:41.878618,,iMac
Research,Engineer_229,Anthropic,,ML Engineer,Principal,,,,,,,,,,,,,,,,,,,,,8.3,,,,,,,,v3.6,system_auto,,2025-12-16T02:16:41.878618,,iMac
Research,Engineer_230,Google,,ML Engineer,Principal,,,,,,,,,,,,,,,,,,,,,3.97,,,,,,,,v3.6,system_auto,,2025-12-16T02:16:41.878618,,iMac
Research,Engineer_231,Meta,,Scientist,Junior,,,,,,,,,,,,,,,,,,,,,6.68,,,,,,,,v3.6,system_auto,,2025-12-16T02:16:41.878618,,iMac
Frontier,Engineer_232,Anthropic,,Researcher,Principal,,,,,,,,,,,,,,,,,,,,,2.05,,,,,,,,v3.6,system_auto,,2025-12-16T02:16:41.878618,,iMac
Research,Engineer_233,OpenAI,,ML Engineer,Senior,,,,,,,,,,,,,,,,,,,,,2.93,,,,,,,,v3.6,system_auto,,2025-12-16T02:16:41.878618,,iMac
Applied,Engineer_234,OpenAI,,ML Engineer,Mid,,,,,,,,,,,,,,,,,,,,,8.96,,,,,,,,v3.6,system_auto,,2025-12-16T02:16:41.878618,,iMac
Frontier,Engineer_235,DeepMind,,Scientist,Junior,,,,,,,,,,,,,,,,,,,,,0.13,,,,,,,,v3.6,system_auto,,2025-12-16T02:16:41.878618,,iMac
Applied,Engineer_236,Anthropic,,ML Engineer,Junior,,,,,,,,,,,,,,,,,,,,,0.86,,,,,,,,v3.6,system_auto,,2025-12-16T02:16:41.878618,,iMac
Applied,Engineer_237,Meta,,Researcher,Mid,,,,,,,,,,,,,,,,,,,,,2.08,,,,,,,,v3.6,system_auto,,2025-12-16T02:16:41.878618,,iMac
Applied,Engineer_238,Google,,Scientist,Principal,,,,,,,,,,,,,,,,,,,,,0.27,,,,,,,,v3.6,system_auto,,2025-12-16T02:16:41.878618,,iMac
Research,Engineer_239,Google,,ML Engineer,Mid,,,,,,,,,,,,,,,,,,,,,1.81,,,,,,,,v3.6,system_auto,,2025-12-16T02:16:41.878618,,iMac
Research,Engineer_240,Meta,,Scientist,Principal,,,,,,,,,,,,,,,,,,,,,5.83,,,,,,,,v3.6,system_auto,,2025-12-16T02:16:41.878618,,iMac
Frontier,Engineer_241,DeepMind,,ML Engineer,Mid,,,,,,,,,,,,,,,,,,,,,4.21,,,,,,,,v3.6,system_auto,,2025-12-16T02:16:41.878618,,iMac
Frontier,Engineer_242,Google,,ML Engineer,Senior,,,,,,,,,,,,,,,,,,,,,8.93,,,,,,,,v3.6,system_auto,,2025-12-16T02:16:41.878618,,iMac
Research,Engineer_243,Anthropic,,ML Engineer,Principal,,,,,,,,,,,,,,,,,,,,,8.17,,,,,,,,v3.6,system_auto,,2025-12-16T02:16:41.878618,,iMac
Applied,Engineer_244,DeepMind,,Researcher,Senior,,,,,,,,,,,,,,,,,,,,,3.42,,,,,,,,v3.6,system_auto,,2025-12-16T02:16:41.878618,,iMac
Frontier,Engineer_245,Anthropic,,Researcher,Junior,,,,,,,,,,,,,,,,,,,,,2.59,,,,,,,,v3.6,system_auto,,2025-12-16T02:16:41.878618,,iMac
Research,Engineer_246,OpenAI,,Scientist,Mid,,,,,,,,,,,,,,,,,,,,,3.8,,,,,,,,v3.6,system_auto,,2025-12-16T02:16:41.878618,,iMac
Research,Engineer_247,DeepMind,,ML Engineer,Junior,,,,,,,,,,,,,,,,,,,,,5.9,,,,,,,,v3.6,system_auto,,2025-12-16T02:16:41.878618,,iMac
Research,Engineer_248,Google,,ML Engineer,Junior,,,,,,,,,,,,,,,,,,,,,2.68,,,,,,,,v3.6,system_auto,,2025-12-16T02:16:41.878618,,iMac
Applied,Engineer_249,DeepMind,,Researcher,Junior,,,,,,,,,,,,,,,,,,,,,6.24,,,,,,,,v3.6,system_auto,,2025-12-16T02:16:41.878618,,iMac
Research,Engineer_250,DeepMind,,ML Engineer,Junior,,,,,,,,,,,,,,,,,,,,,4.09,,,,,,,,v3.6,system_auto,,2025-12-16T02:16:41.878618,,iMac
