Full_Name,Citation_Velocity_Score,Citation_Growth_Rate,Influence_Rank_Change,CoAuthor_Influence_Velocity,Source_SemanticScholar,Source_OpenAlex,Retrieved
Engineer_001,0,0,0,0,False,False,2025-12-16T01:20:39.259615
Engineer_002,0,0,0,0,False,False,2025-12-16T01:20:39.778255
Engineer_003,0,0,0,0,False,False,2025-12-16T01:20:40.342087
Engineer_004,0,0,0,0,False,False,2025-12-16T01:20:41.104812
Engineer_005,0,0,0,0,False,False,2025-12-16T01:20:41.656648
Engineer_006,0,0,0,0,False,False,2025-12-16T01:20:48.648796
Engineer_007,0,0,0,0,False,False,2025-12-16T01:20:49.402783
Engineer_008,0,0,0,0,False,False,2025-12-16T01:20:50.097263
Engineer_009,0,0,0,0,False,False,2025-12-16T01:20:50.659000
Engineer_010,0,0,0,0,False,False,2025-12-16T01:20:51.220354
Engineer_011,0,0,0,0,False,False,2025-12-16T01:20:51.912127
Engineer_012,0,0,0,0,False,False,2025-12-16T01:20:54.585848
Engineer_013,0,0,0,0,False,False,2025-12-16T01:20:57.303632
Engineer_014,0,0,0,0,False,False,2025-12-16T01:21:00.097042
Engineer_015,0,0,0,0,False,False,2025-12-16T01:21:03.000581
Engineer_016,0,0,0,0,False,False,2025-12-16T01:21:05.686411
Engineer_017,0,0,0,0,False,False,2025-12-16T01:21:06.253302
Engineer_018,0,0,0,0,False,False,2025-12-16T01:21:08.897875
Engineer_019,0,0,0,0,False,False,2025-12-16T01:21:11.629907
Engineer_020,0,0,0,0,False,False,2025-12-16T01:21:14.376756
Engineer_021,0,0,0,0,False,False,2025-12-16T01:21:14.891219
Engineer_022,0,0,0,0,False,False,2025-12-16T01:21:15.414676
Engineer_023,0,0,0,0,False,False,2025-12-16T01:21:22.442522
Engineer_024,0,0,0,0,False,False,2025-12-16T01:21:23.012617
Engineer_025,0,0,0,0,False,False,2025-12-16T01:21:25.684480
Engineer_026,0,0,0,0,False,False,2025-12-16T01:21:26.258040
Engineer_027,0,0,0,0,False,False,2025-12-16T01:21:26.778574
Engineer_028,0,0,0,0,False,False,2025-12-16T01:21:27.378269
Engineer_029,0,0,0,0,False,False,2025-12-16T01:21:27.938695
Engineer_030,0,0,0,0,False,False,2025-12-16T01:21:28.501052
Engineer_031,0,0,0,0,False,False,2025-12-16T01:21:31.123065
Engineer_032,0,0,0,0,False,False,2025-12-16T01:21:31.705108
Engineer_033,0,0,0,0,False,False,2025-12-16T01:21:32.247491
Engineer_034,0,0,0,0,False,False,2025-12-16T01:21:32.781064
Engineer_035,0,0,0,0,False,False,2025-12-16T01:21:35.436130
Engineer_036,0,0,0,0,False,False,2025-12-16T01:21:36.009168
Engineer_037,0,0,0,0,False,False,2025-12-16T01:21:36.674860
Engineer_038,0,0,0,0,False,False,2025-12-16T01:21:37.333312
Engineer_039,0,0,0,0,False,False,2025-12-16T01:21:37.852022
Engineer_040,0,0,0,0,False,False,2025-12-16T01:21:42.707943
Engineer_041,0,0,0,0,False,False,2025-12-16T01:21:47.447182
Engineer_042,0,0,0,0,False,False,2025-12-16T01:21:48.029790
Engineer_043,0,0,0,0,False,False,2025-12-16T01:21:48.542074
Engineer_044,0,0,0,0,False,False,2025-12-16T01:21:49.136048
Engineer_045,0,0,0,0,False,False,2025-12-16T01:21:53.957394
Engineer_046,0,0,0,0,False,False,2025-12-16T01:21:54.483089
Engineer_047,0,0,0,0,False,False,2025-12-16T01:21:54.986744
Engineer_048,0,0,0,0,False,False,2025-12-16T01:21:57.658895
Engineer_049,0,0,0,0,False,False,2025-12-16T01:21:58.350248
Engineer_050,0,0,0,0,False,False,2025-12-16T01:21:58.922420
Engineer_051,0,0,0,0,False,False,2025-12-16T01:21:59.477965
Engineer_052,0,0,0,0,False,False,2025-12-16T01:22:00.041086
Engineer_053,0,0,0,0,False,False,2025-12-16T01:22:00.720000
Engineer_054,0,0,0,0,False,False,2025-12-16T01:22:05.573424
Engineer_055,0,0,0,0,False,False,2025-12-16T01:22:06.147639
Engineer_056,0,0,0,0,False,False,2025-12-16T01:22:06.705271
Engineer_057,0,0,0,0,False,False,2025-12-16T01:22:09.437500
Engineer_058,0,0,0,0,False,False,2025-12-16T01:22:09.988404
Engineer_059,0,0,0,0,False,False,2025-12-16T01:22:10.564456
Engineer_060,0,0,0,0,False,False,2025-12-16T01:22:13.250740
Engineer_061,0,0,0,0,False,False,2025-12-16T01:22:13.784054
Engineer_062,0,0,0,0,False,False,2025-12-16T01:22:14.396847
Engineer_063,0,0,0,0,False,False,2025-12-16T01:22:14.984570
Engineer_064,0,0,0,0,False,False,2025-12-16T01:22:15.559425
Engineer_065,0,0,0,0,False,False,2025-12-16T01:22:20.424569
Engineer_066,0,0,0,0,False,False,2025-12-16T01:22:23.209644
Engineer_067,0,0,0,0,False,False,2025-12-16T01:22:23.767127
Engineer_068,0,0,0,0,False,False,2025-12-16T01:22:24.344426
Engineer_069,0,0,0,0,False,False,2025-12-16T01:22:24.940585
Engineer_070,0,0,0,0,False,False,2025-12-16T01:22:25.552531
Engineer_071,0,0,0,0,False,False,2025-12-16T01:22:26.108083
Engineer_072,0,0,0,0,False,False,2025-12-16T01:22:26.662817
Engineer_073,0,0,0,0,False,False,2025-12-16T01:22:27.216020
Engineer_074,0,0,0,0,False,False,2025-12-16T01:22:27.810286
Engineer_075,0,0,0,0,False,False,2025-12-16T01:22:28.331556
Engineer_076,0,0,0,0,False,False,2025-12-16T01:22:28.912128
Engineer_077,0,0,0,0,False,False,2025-12-16T01:22:29.558298
Engineer_078,0,0,0,0,False,False,2025-12-16T01:22:30.078058
Engineer_079,0,0,0,0,False,False,2025-12-16T01:22:30.625288
Engineer_080,0,0,0,0,False,False,2025-12-16T01:22:31.255094
Engineer_081,0,0,0,0,False,False,2025-12-16T01:22:31.944193
Engineer_082,0,0,0,0,False,False,2025-12-16T01:22:32.449264
Engineer_083,0,0,0,0,False,False,2025-12-16T01:22:33.016023
Engineer_084,0,0,0,0,False,False,2025-12-16T01:22:33.577951
Engineer_085,0,0,0,0,False,False,2025-12-16T01:22:36.222677
Engineer_086,0,0,0,0,False,False,2025-12-16T01:22:36.734849
Engineer_087,0,0,0,0,False,False,2025-12-16T01:22:37.235065
Engineer_088,0,0,0,0,False,False,2025-12-16T01:22:37.789351
Engineer_089,0,0,0,0,False,False,2025-12-16T01:22:46.799704
Engineer_090,0,0,0,0,False,False,2025-12-16T01:22:47.369457
Engineer_091,0,0,0,0,False,False,2025-12-16T01:22:47.930909
Engineer_092,0,0,0,0,False,False,2025-12-16T01:22:48.447685
Engineer_093,0,0,0,0,False,False,2025-12-16T01:22:51.107349
Engineer_094,0,0,0,0,False,False,2025-12-16T01:22:53.896817
Engineer_095,0,0,0,0,False,False,2025-12-16T01:22:54.639789
Engineer_096,0,0,0,0,False,False,2025-12-16T01:22:55.255477
Engineer_097,0,0,0,0,False,False,2025-12-16T01:22:55.836194
Engineer_098,0,0,0,0,False,False,2025-12-16T01:22:56.424731
Engineer_099,0,0,0,0,False,False,2025-12-16T01:22:56.961531
Engineer_100,0,0,0,0,False,False,2025-12-16T01:22:59.675976
Engineer_101,0,0,0,0,False,False,2025-12-16T01:23:00.175160
Engineer_102,0,0,0,0,False,False,2025-12-16T01:23:00.747801
Engineer_103,0,0,0,0,False,False,2025-12-16T01:23:01.313896
Engineer_104,0,0,0,0,False,False,2025-12-16T01:23:01.830705
Engineer_105,0,0,0,0,False,False,2025-12-16T01:23:02.368375
Engineer_106,0,0,0,0,False,False,2025-12-16T01:23:05.067115
Engineer_107,0,0,0,0,False,False,2025-12-16T01:23:05.569273
Engineer_108,0,0,0,0,False,False,2025-12-16T01:23:06.247201
Engineer_109,0,0,0,0,False,False,2025-12-16T01:23:08.919899
Engineer_110,0,0,0,0,False,False,2025-12-16T01:23:09.597050
Engineer_111,0,0,0,0,False,False,2025-12-16T01:23:10.177572
Engineer_112,0,0,0,0,False,False,2025-12-16T01:23:10.727665
Engineer_113,0,0,0,0,False,False,2025-12-16T01:23:11.237528
Engineer_114,0,0,0,0,False,False,2025-12-16T01:23:11.817182
Engineer_115,0,0,0,0,False,False,2025-12-16T01:23:12.378804
Engineer_116,0,0,0,0,False,False,2025-12-16T01:23:17.206192
Engineer_117,0,0,0,0,False,False,2025-12-16T01:23:17.789774
Engineer_118,0,0,0,0,False,False,2025-12-16T01:23:18.361736
Engineer_119,0,0,0,0,False,False,2025-12-16T01:23:18.926846
Engineer_120,0,0,0,0,False,False,2025-12-16T01:23:19.513357
Engineer_121,0,0,0,0,False,False,2025-12-16T01:23:20.081700
Engineer_122,0,0,0,0,False,False,2025-12-16T01:23:22.792540
Engineer_123,0,0,0,0,False,False,2025-12-16T01:23:25.462047
Engineer_124,0,0,0,0,False,False,2025-12-16T01:23:28.174799
Engineer_125,0,0,0,0,False,False,2025-12-16T01:23:28.734852
Engineer_126,0,0,0,0,False,False,2025-12-16T01:23:29.470474
Engineer_127,0,0,0,0,False,False,2025-12-16T01:23:32.172819
Engineer_128,0,0,0,0,False,False,2025-12-16T01:23:32.759026
Engineer_129,0,0,0,0,False,False,2025-12-16T01:23:33.345693
Engineer_130,0,0,0,0,False,False,2025-12-16T01:23:33.972642
Engineer_131,0,0,0,0,False,False,2025-12-16T01:23:34.539723
Engineer_132,0,0,0,0,False,False,2025-12-16T01:23:35.124761
Engineer_133,0,0,0,0,False,False,2025-12-16T01:23:35.705853
Engineer_134,0,0,0,0,False,False,2025-12-16T01:23:36.256453
Engineer_135,0,0,0,0,False,False,2025-12-16T01:23:36.828460
Engineer_136,0,0,0,0,False,False,2025-12-16T01:23:41.726831
Engineer_137,0,0,0,0,False,False,2025-12-16T01:23:42.239701
Engineer_138,0,0,0,0,False,False,2025-12-16T01:23:42.815908
Engineer_139,0,0,0,0,False,False,2025-12-16T01:23:43.382103
Engineer_140,0,0,0,0,False,False,2025-12-16T01:23:43.927348
Engineer_141,0,0,0,0,False,False,2025-12-16T01:23:44.496030
Engineer_142,0,0,0,0,False,False,2025-12-16T01:23:45.075389
Engineer_143,0,0,0,0,False,False,2025-12-16T01:23:45.643845
Engineer_144,0,0,0,0,False,False,2025-12-16T01:23:46.208228
Engineer_145,0,0,0,0,False,False,2025-12-16T01:23:51.073062
Engineer_146,0,0,0,0,False,False,2025-12-16T01:23:51.694933
Engineer_147,0,0,0,0,False,False,2025-12-16T01:23:56.613281
Engineer_148,0,0,0,0,False,False,2025-12-16T01:23:57.165114
Engineer_149,0,0,0,0,False,False,2025-12-16T01:23:57.732676
Engineer_150,0,0,0,0,False,False,2025-12-16T01:23:58.285599
Engineer_151,0,0,0,0,False,False,2025-12-16T01:23:58.826444
Engineer_152,0,0,0,0,False,False,2025-12-16T01:24:07.675141
Engineer_153,0,0,0,0,False,False,2025-12-16T01:24:16.652683
Engineer_154,0,0,0,0,False,False,2025-12-16T01:24:25.561605
Engineer_155,0,0,0,0,False,False,2025-12-16T01:24:34.482755
Engineer_156,0,0,0,0,False,False,2025-12-16T01:24:43.382079
Engineer_157,0,0,0,0,False,False,2025-12-16T01:24:52.433369
Engineer_158,0,0,0,0,False,False,2025-12-16T01:25:01.331881
Engineer_159,0,0,0,0,False,False,2025-12-16T01:25:10.332536
Engineer_160,0,0,0,0,False,False,2025-12-16T01:25:19.277413
Engineer_161,0,0,0,0,False,False,2025-12-16T01:25:28.227241
Engineer_162,0,0,0,0,False,False,2025-12-16T01:25:37.134301
Engineer_163,0,0,0,0,False,False,2025-12-16T01:25:46.096906
Engineer_164,0,0,0,0,False,False,2025-12-16T01:25:55.046729
Engineer_165,0,0,0,0,False,False,2025-12-16T01:26:03.921709
Engineer_166,0,0,0,0,False,False,2025-12-16T01:26:12.941308
Engineer_167,0,0,0,0,False,False,2025-12-16T01:26:21.819628
Engineer_168,0,0,0,0,False,False,2025-12-16T01:26:30.971339
Engineer_169,0,0,0,0,False,False,2025-12-16T01:26:40.006202
Engineer_170,0,0,0,0,False,False,2025-12-16T01:26:48.863844
Engineer_171,0,0,0,0,False,False,2025-12-16T01:26:57.856311
Engineer_172,0,0,0,0,False,False,2025-12-16T01:27:06.809878
Engineer_173,0,0,0,0,False,False,2025-12-16T01:27:15.778505
Engineer_174,0,0,0,0,False,False,2025-12-16T01:27:24.708963
Engineer_175,0,0,0,0,False,False,2025-12-16T01:27:29.566791
Engineer_176,0,0,0,0,False,False,2025-12-16T01:27:30.250857
Engineer_177,0,0,0,0,False,False,2025-12-16T01:27:31.020539
Engineer_178,0,0,0,0,False,False,2025-12-16T01:27:31.653316
Engineer_179,0,0,0,0,False,False,2025-12-16T01:27:32.160320
Engineer_180,0,0,0,0,False,False,2025-12-16T01:27:32.671696
Engineer_181,0,0,0,0,False,False,2025-12-16T01:27:33.395772
Engineer_182,0,0,0,0,False,False,2025-12-16T01:27:33.912559
Engineer_183,0,0,0,0,False,False,2025-12-16T01:27:34.489441
Engineer_184,0,0,0,0,False,False,2025-12-16T01:27:35.018057
Engineer_185,0,0,0,0,False,False,2025-12-16T01:27:35.534599
Engineer_186,0,0,0,0,False,False,2025-12-16T01:27:36.043275
Engineer_187,0,0,0,0,False,False,2025-12-16T01:27:36.547448
Engineer_188,0,0,0,0,False,False,2025-12-16T01:27:37.114526
Engineer_189,0,0,0,0,False,False,2025-12-16T01:27:39.878201
Engineer_190,0,0,0,0,False,False,2025-12-16T01:27:40.468725
Engineer_191,0,0,0,0,False,False,2025-12-16T01:27:41.042778
Engineer_192,0,0,0,0,False,False,2025-12-16T01:27:41.576903
Engineer_193,0,0,0,0,False,False,2025-12-16T01:27:42.133394
Engineer_194,0,0,0,0,False,False,2025-12-16T01:27:42.679914
Engineer_195,0,0,0,0,False,False,2025-12-16T01:27:43.264723
Engineer_196,0,0,0,0,False,False,2025-12-16T01:27:43.931064
Engineer_197,0,0,0,0,False,False,2025-12-16T01:27:44.438967
Engineer_198,0,0,0,0,False,False,2025-12-16T01:27:44.997888
Engineer_199,0,0,0,0,False,False,2025-12-16T01:27:45.589019
Engineer_200,0,0,0,0,False,False,2025-12-16T01:27:46.145203
Engineer_201,0,0,0,0,False,False,2025-12-16T01:27:46.714855
Engineer_202,0,0,0,0,False,False,2025-12-16T01:27:47.290866
Engineer_203,0,0,0,0,False,False,2025-12-16T01:27:50.023426
Engineer_204,0,0,0,0,False,False,2025-12-16T01:27:50.626454
Engineer_205,0,0,0,0,False,False,2025-12-16T01:27:51.144669
Engineer_206,0,0,0,0,False,False,2025-12-16T01:27:51.660013
Engineer_207,0,0,0,0,False,False,2025-12-16T01:27:54.396570
Engineer_208,0,0,0,0,False,False,2025-12-16T01:27:57.118070
Engineer_209,0,0,0,0,False,False,2025-12-16T01:27:57.674178
Engineer_210,0,0,0,0,False,False,2025-12-16T01:28:00.384575
Engineer_211,0,0,0,0,False,False,2025-12-16T01:28:00.961398
Engineer_212,0,0,0,0,False,False,2025-12-16T01:28:01.672266
Engineer_213,0,0,0,0,False,False,2025-12-16T01:28:04.490154
Engineer_214,0,0,0,0,False,False,2025-12-16T01:28:09.386142
Engineer_215,0,0,0,0,False,False,2025-12-16T01:28:09.913175
Engineer_216,0,0,0,0,False,False,2025-12-16T01:28:10.507306
Engineer_217,0,0,0,0,False,False,2025-12-16T01:28:11.048252
Engineer_218,0,0,0,0,False,False,2025-12-16T01:28:11.608439
Engineer_219,0,0,0,0,False,False,2025-12-16T01:28:12.160730
Engineer_220,0,0,0,0,False,False,2025-12-16T01:28:12.662432
Engineer_221,0,0,0,0,False,False,2025-12-16T01:28:13.172121
Engineer_222,0,0,0,0,False,False,2025-12-16T01:28:13.702601
Engineer_223,0,0,0,0,False,False,2025-12-16T01:28:14.218361
Engineer_224,0,0,0,0,False,False,2025-12-16T01:28:16.897219
Engineer_225,0,0,0,0,False,False,2025-12-16T01:28:19.507866
Engineer_226,0,0,0,0,False,False,2025-12-16T01:28:24.329529
Engineer_227,0,0,0,0,False,False,2025-12-16T01:28:29.250484
Engineer_228,0,0,0,0,False,False,2025-12-16T01:28:29.778595
Engineer_229,0,0,0,0,False,False,2025-12-16T01:28:30.339712
Engineer_230,0,0,0,0,False,False,2025-12-16T01:28:30.869729
Engineer_231,0,0,0,0,False,False,2025-12-16T01:28:31.447882
Engineer_232,0,0,0,0,False,False,2025-12-16T01:28:32.046519
Engineer_233,0,0,0,0,False,False,2025-12-16T01:28:32.603755
Engineer_234,0,0,0,0,False,False,2025-12-16T01:28:33.172308
Engineer_235,0,0,0,0,False,False,2025-12-16T01:28:35.858790
Engineer_236,0,0,0,0,False,False,2025-12-16T01:28:36.371359
Engineer_237,0,0,0,0,False,False,2025-12-16T01:28:41.213437
Engineer_238,0,0,0,0,False,False,2025-12-16T01:28:43.978916
Engineer_239,0,0,0,0,False,False,2025-12-16T01:28:44.540989
Engineer_240,0,0,0,0,False,False,2025-12-16T01:28:45.102125
Engineer_241,0,0,0,0,False,False,2025-12-16T01:28:45.623361
Engineer_242,0,0,0,0,False,False,2025-12-16T01:28:48.316627
Engineer_243,0,0,0,0,False,False,2025-12-16T01:28:48.885309
Engineer_244,0,0,0,0,False,False,2025-12-16T01:28:49.538345
Engineer_245,0,0,0,0,False,False,2025-12-16T01:28:52.243098
Engineer_246,0,0,0,0,False,False,2025-12-16T01:28:52.795210
Engineer_247,0,0,0,0,False,False,2025-12-16T01:28:53.317827
Engineer_248,0,0,0,0,False,False,2025-12-16T01:28:53.862399
Engineer_249,0,0,0,0,False,False,2025-12-16T01:28:54.440920
Engineer_250,0,0,0,0,False,False,2025-12-16T01:28:54.996668
