[
  {
    "Full_Name": "Engineer_001",
    "Citation_Velocity_Score": 0,
    "Citation_Growth_Rate": 0,
    "Influence_Rank_Change": 0,
    "CoAuthor_Influence_Velocity": 0,
    "Source_SemanticScholar": false,
    "Source_OpenAlex": false,
    "Retrieved": "2025-12-16T01:20:39.259615"
  },
  {
    "Full_Name": "Engineer_002",
    "Citation_Velocity_Score": 0,
    "Citation_Growth_Rate": 0,
    "Influence_Rank_Change": 0,
    "CoAuthor_Influence_Velocity": 0,
    "Source_SemanticScholar": false,
    "Source_OpenAlex": false,
    "Retrieved": "2025-12-16T01:20:39.778255"
  },
  {
    "Full_Name": "Engineer_003",
    "Citation_Velocity_Score": 0,
    "Citation_Growth_Rate": 0,
    "Influence_Rank_Change": 0,
    "CoAuthor_Influence_Velocity": 0,
    "Source_SemanticScholar": false,
    "Source_OpenAlex": false,
    "Retrieved": "2025-12-16T01:20:40.342087"
  },
  {
    "Full_Name": "Engineer_004",
    "Citation_Velocity_Score": 0,
    "Citation_Growth_Rate": 0,
    "Influence_Rank_Change": 0,
    "CoAuthor_Influence_Velocity": 0,
    "Source_SemanticScholar": false,
    "Source_OpenAlex": false,
    "Retrieved": "2025-12-16T01:20:41.104812"
  },
  {
    "Full_Name": "Engineer_005",
    "Citation_Velocity_Score": 0,
    "Citation_Growth_Rate": 0,
    "Influence_Rank_Change": 0,
    "CoAuthor_Influence_Velocity": 0,
    "Source_SemanticScholar": false,
    "Source_OpenAlex": false,
    "Retrieved": "2025-12-16T01:20:41.656648"
  },
  {
    "Full_Name": "Engineer_006",
    "Citation_Velocity_Score": 0,
    "Citation_Growth_Rate": 0,
    "Influence_Rank_Change": 0,
    "CoAuthor_Influence_Velocity": 0,
    "Source_SemanticScholar": false,
    "Source_OpenAlex": false,
    "Retrieved": "2025-12-16T01:20:48.648796"
  },
  {
    "Full_Name": "Engineer_007",
    "Citation_Velocity_Score": 0,
    "Citation_Growth_Rate": 0,
    "Influence_Rank_Change": 0,
    "CoAuthor_Influence_Velocity": 0,
    "Source_SemanticScholar": false,
    "Source_OpenAlex": false,
    "Retrieved": "2025-12-16T01:20:49.402783"
  },
  {
    "Full_Name": "Engineer_008",
    "Citation_Velocity_Score": 0,
    "Citation_Growth_Rate": 0,
    "Influence_Rank_Change": 0,
    "CoAuthor_Influence_Velocity": 0,
    "Source_SemanticScholar": false,
    "Source_OpenAlex": false,
    "Retrieved": "2025-12-16T01:20:50.097263"
  },
  {
    "Full_Name": "Engineer_009",
    "Citation_Velocity_Score": 0,
    "Citation_Growth_Rate": 0,
    "Influence_Rank_Change": 0,
    "CoAuthor_Influence_Velocity": 0,
    "Source_SemanticScholar": false,
    "Source_OpenAlex": false,
    "Retrieved": "2025-12-16T01:20:50.659000"
  },
  {
    "Full_Name": "Engineer_010",
    "Citation_Velocity_Score": 0,
    "Citation_Growth_Rate": 0,
    "Influence_Rank_Change": 0,
    "CoAuthor_Influence_Velocity": 0,
    "Source_SemanticScholar": false,
    "Source_OpenAlex": false,
    "Retrieved": "2025-12-16T01:20:51.220354"
  },
  {
    "Full_Name": "Engineer_011",
    "Citation_Velocity_Score": 0,
    "Citation_Growth_Rate": 0,
    "Influence_Rank_Change": 0,
    "CoAuthor_Influence_Velocity": 0,
    "Source_SemanticScholar": false,
    "Source_OpenAlex": false,
    "Retrieved": "2025-12-16T01:20:51.912127"
  },
  {
    "Full_Name": "Engineer_012",
    "Citation_Velocity_Score": 0,
    "Citation_Growth_Rate": 0,
    "Influence_Rank_Change": 0,
    "CoAuthor_Influence_Velocity": 0,
    "Source_SemanticScholar": false,
    "Source_OpenAlex": false,
    "Retrieved": "2025-12-16T01:20:54.585848"
  },
  {
    "Full_Name": "Engineer_013",
    "Citation_Velocity_Score": 0,
    "Citation_Growth_Rate": 0,
    "Influence_Rank_Change": 0,
    "CoAuthor_Influence_Velocity": 0,
    "Source_SemanticScholar": false,
    "Source_OpenAlex": false,
    "Retrieved": "2025-12-16T01:20:57.303632"
  },
  {
    "Full_Name": "Engineer_014",
    "Citation_Velocity_Score": 0,
    "Citation_Growth_Rate": 0,
    "Influence_Rank_Change": 0,
    "CoAuthor_Influence_Velocity": 0,
    "Source_SemanticScholar": false,
    "Source_OpenAlex": false,
    "Retrieved": "2025-12-16T01:21:00.097042"
  },
  {
    "Full_Name": "Engineer_015",
    "Citation_Velocity_Score": 0,
    "Citation_Growth_Rate": 0,
    "Influence_Rank_Change": 0,
    "CoAuthor_Influence_Velocity": 0,
    "Source_SemanticScholar": false,
    "Source_OpenAlex": false,
    "Retrieved": "2025-12-16T01:21:03.000581"
  },
  {
    "Full_Name": "Engineer_016",
    "Citation_Velocity_Score": 0,
    "Citation_Growth_Rate": 0,
    "Influence_Rank_Change": 0,
    "CoAuthor_Influence_Velocity": 0,
    "Source_SemanticScholar": false,
    "Source_OpenAlex": false,
    "Retrieved": "2025-12-16T01:21:05.686411"
  },
  {
    "Full_Name": "Engineer_017",
    "Citation_Velocity_Score": 0,
    "Citation_Growth_Rate": 0,
    "Influence_Rank_Change": 0,
    "CoAuthor_Influence_Velocity": 0,
    "Source_SemanticScholar": false,
    "Source_OpenAlex": false,
    "Retrieved": "2025-12-16T01:21:06.253302"
  },
  {
    "Full_Name": "Engineer_018",
    "Citation_Velocity_Score": 0,
    "Citation_Growth_Rate": 0,
    "Influence_Rank_Change": 0,
    "CoAuthor_Influence_Velocity": 0,
    "Source_SemanticScholar": false,
    "Source_OpenAlex": false,
    "Retrieved": "2025-12-16T01:21:08.897875"
  },
  {
    "Full_Name": "Engineer_019",
    "Citation_Velocity_Score": 0,
    "Citation_Growth_Rate": 0,
    "Influence_Rank_Change": 0,
    "CoAuthor_Influence_Velocity": 0,
    "Source_SemanticScholar": false,
    "Source_OpenAlex": false,
    "Retrieved": "2025-12-16T01:21:11.629907"
  },
  {
    "Full_Name": "Engineer_020",
    "Citation_Velocity_Score": 0,
    "Citation_Growth_Rate": 0,
    "Influence_Rank_Change": 0,
    "CoAuthor_Influence_Velocity": 0,
    "Source_SemanticScholar": false,
    "Source_OpenAlex": false,
    "Retrieved": "2025-12-16T01:21:14.376756"
  },
  {
    "Full_Name": "Engineer_021",
    "Citation_Velocity_Score": 0,
    "Citation_Growth_Rate": 0,
    "Influence_Rank_Change": 0,
    "CoAuthor_Influence_Velocity": 0,
    "Source_SemanticScholar": false,
    "Source_OpenAlex": false,
    "Retrieved": "2025-12-16T01:21:14.891219"
  },
  {
    "Full_Name": "Engineer_022",
    "Citation_Velocity_Score": 0,
    "Citation_Growth_Rate": 0,
    "Influence_Rank_Change": 0,
    "CoAuthor_Influence_Velocity": 0,
    "Source_SemanticScholar": false,
    "Source_OpenAlex": false,
    "Retrieved": "2025-12-16T01:21:15.414676"
  },
  {
    "Full_Name": "Engineer_023",
    "Citation_Velocity_Score": 0,
    "Citation_Growth_Rate": 0,
    "Influence_Rank_Change": 0,
    "CoAuthor_Influence_Velocity": 0,
    "Source_SemanticScholar": false,
    "Source_OpenAlex": false,
    "Retrieved": "2025-12-16T01:21:22.442522"
  },
  {
    "Full_Name": "Engineer_024",
    "Citation_Velocity_Score": 0,
    "Citation_Growth_Rate": 0,
    "Influence_Rank_Change": 0,
    "CoAuthor_Influence_Velocity": 0,
    "Source_SemanticScholar": false,
    "Source_OpenAlex": false,
    "Retrieved": "2025-12-16T01:21:23.012617"
  },
  {
    "Full_Name": "Engineer_025",
    "Citation_Velocity_Score": 0,
    "Citation_Growth_Rate": 0,
    "Influence_Rank_Change": 0,
    "CoAuthor_Influence_Velocity": 0,
    "Source_SemanticScholar": false,
    "Source_OpenAlex": false,
    "Retrieved": "2025-12-16T01:21:25.684480"
  },
  {
    "Full_Name": "Engineer_026",
    "Citation_Velocity_Score": 0,
    "Citation_Growth_Rate": 0,
    "Influence_Rank_Change": 0,
    "CoAuthor_Influence_Velocity": 0,
    "Source_SemanticScholar": false,
    "Source_OpenAlex": false,
    "Retrieved": "2025-12-16T01:21:26.258040"
  },
  {
    "Full_Name": "Engineer_027",
    "Citation_Velocity_Score": 0,
    "Citation_Growth_Rate": 0,
    "Influence_Rank_Change": 0,
    "CoAuthor_Influence_Velocity": 0,
    "Source_SemanticScholar": false,
    "Source_OpenAlex": false,
    "Retrieved": "2025-12-16T01:21:26.778574"
  },
  {
    "Full_Name": "Engineer_028",
    "Citation_Velocity_Score": 0,
    "Citation_Growth_Rate": 0,
    "Influence_Rank_Change": 0,
    "CoAuthor_Influence_Velocity": 0,
    "Source_SemanticScholar": false,
    "Source_OpenAlex": false,
    "Retrieved": "2025-12-16T01:21:27.378269"
  },
  {
    "Full_Name": "Engineer_029",
    "Citation_Velocity_Score": 0,
    "Citation_Growth_Rate": 0,
    "Influence_Rank_Change": 0,
    "CoAuthor_Influence_Velocity": 0,
    "Source_SemanticScholar": false,
    "Source_OpenAlex": false,
    "Retrieved": "2025-12-16T01:21:27.938695"
  },
  {
    "Full_Name": "Engineer_030",
    "Citation_Velocity_Score": 0,
    "Citation_Growth_Rate": 0,
    "Influence_Rank_Change": 0,
    "CoAuthor_Influence_Velocity": 0,
    "Source_SemanticScholar": false,
    "Source_OpenAlex": false,
    "Retrieved": "2025-12-16T01:21:28.501052"
  },
  {
    "Full_Name": "Engineer_031",
    "Citation_Velocity_Score": 0,
    "Citation_Growth_Rate": 0,
    "Influence_Rank_Change": 0,
    "CoAuthor_Influence_Velocity": 0,
    "Source_SemanticScholar": false,
    "Source_OpenAlex": false,
    "Retrieved": "2025-12-16T01:21:31.123065"
  },
  {
    "Full_Name": "Engineer_032",
    "Citation_Velocity_Score": 0,
    "Citation_Growth_Rate": 0,
    "Influence_Rank_Change": 0,
    "CoAuthor_Influence_Velocity": 0,
    "Source_SemanticScholar": false,
    "Source_OpenAlex": false,
    "Retrieved": "2025-12-16T01:21:31.705108"
  },
  {
    "Full_Name": "Engineer_033",
    "Citation_Velocity_Score": 0,
    "Citation_Growth_Rate": 0,
    "Influence_Rank_Change": 0,
    "CoAuthor_Influence_Velocity": 0,
    "Source_SemanticScholar": false,
    "Source_OpenAlex": false,
    "Retrieved": "2025-12-16T01:21:32.247491"
  },
  {
    "Full_Name": "Engineer_034",
    "Citation_Velocity_Score": 0,
    "Citation_Growth_Rate": 0,
    "Influence_Rank_Change": 0,
    "CoAuthor_Influence_Velocity": 0,
    "Source_SemanticScholar": false,
    "Source_OpenAlex": false,
    "Retrieved": "2025-12-16T01:21:32.781064"
  },
  {
    "Full_Name": "Engineer_035",
    "Citation_Velocity_Score": 0,
    "Citation_Growth_Rate": 0,
    "Influence_Rank_Change": 0,
    "CoAuthor_Influence_Velocity": 0,
    "Source_SemanticScholar": false,
    "Source_OpenAlex": false,
    "Retrieved": "2025-12-16T01:21:35.436130"
  },
  {
    "Full_Name": "Engineer_036",
    "Citation_Velocity_Score": 0,
    "Citation_Growth_Rate": 0,
    "Influence_Rank_Change": 0,
    "CoAuthor_Influence_Velocity": 0,
    "Source_SemanticScholar": false,
    "Source_OpenAlex": false,
    "Retrieved": "2025-12-16T01:21:36.009168"
  },
  {
    "Full_Name": "Engineer_037",
    "Citation_Velocity_Score": 0,
    "Citation_Growth_Rate": 0,
    "Influence_Rank_Change": 0,
    "CoAuthor_Influence_Velocity": 0,
    "Source_SemanticScholar": false,
    "Source_OpenAlex": false,
    "Retrieved": "2025-12-16T01:21:36.674860"
  },
  {
    "Full_Name": "Engineer_038",
    "Citation_Velocity_Score": 0,
    "Citation_Growth_Rate": 0,
    "Influence_Rank_Change": 0,
    "CoAuthor_Influence_Velocity": 0,
    "Source_SemanticScholar": false,
    "Source_OpenAlex": false,
    "Retrieved": "2025-12-16T01:21:37.333312"
  },
  {
    "Full_Name": "Engineer_039",
    "Citation_Velocity_Score": 0,
    "Citation_Growth_Rate": 0,
    "Influence_Rank_Change": 0,
    "CoAuthor_Influence_Velocity": 0,
    "Source_SemanticScholar": false,
    "Source_OpenAlex": false,
    "Retrieved": "2025-12-16T01:21:37.852022"
  },
  {
    "Full_Name": "Engineer_040",
    "Citation_Velocity_Score": 0,
    "Citation_Growth_Rate": 0,
    "Influence_Rank_Change": 0,
    "CoAuthor_Influence_Velocity": 0,
    "Source_SemanticScholar": false,
    "Source_OpenAlex": false,
    "Retrieved": "2025-12-16T01:21:42.707943"
  },
  {
    "Full_Name": "Engineer_041",
    "Citation_Velocity_Score": 0,
    "Citation_Growth_Rate": 0,
    "Influence_Rank_Change": 0,
    "CoAuthor_Influence_Velocity": 0,
    "Source_SemanticScholar": false,
    "Source_OpenAlex": false,
    "Retrieved": "2025-12-16T01:21:47.447182"
  },
  {
    "Full_Name": "Engineer_042",
    "Citation_Velocity_Score": 0,
    "Citation_Growth_Rate": 0,
    "Influence_Rank_Change": 0,
    "CoAuthor_Influence_Velocity": 0,
    "Source_SemanticScholar": false,
    "Source_OpenAlex": false,
    "Retrieved": "2025-12-16T01:21:48.029790"
  },
  {
    "Full_Name": "Engineer_043",
    "Citation_Velocity_Score": 0,
    "Citation_Growth_Rate": 0,
    "Influence_Rank_Change": 0,
    "CoAuthor_Influence_Velocity": 0,
    "Source_SemanticScholar": false,
    "Source_OpenAlex": false,
    "Retrieved": "2025-12-16T01:21:48.542074"
  },
  {
    "Full_Name": "Engineer_044",
    "Citation_Velocity_Score": 0,
    "Citation_Growth_Rate": 0,
    "Influence_Rank_Change": 0,
    "CoAuthor_Influence_Velocity": 0,
    "Source_SemanticScholar": false,
    "Source_OpenAlex": false,
    "Retrieved": "2025-12-16T01:21:49.136048"
  },
  {
    "Full_Name": "Engineer_045",
    "Citation_Velocity_Score": 0,
    "Citation_Growth_Rate": 0,
    "Influence_Rank_Change": 0,
    "CoAuthor_Influence_Velocity": 0,
    "Source_SemanticScholar": false,
    "Source_OpenAlex": false,
    "Retrieved": "2025-12-16T01:21:53.957394"
  },
  {
    "Full_Name": "Engineer_046",
    "Citation_Velocity_Score": 0,
    "Citation_Growth_Rate": 0,
    "Influence_Rank_Change": 0,
    "CoAuthor_Influence_Velocity": 0,
    "Source_SemanticScholar": false,
    "Source_OpenAlex": false,
    "Retrieved": "2025-12-16T01:21:54.483089"
  },
  {
    "Full_Name": "Engineer_047",
    "Citation_Velocity_Score": 0,
    "Citation_Growth_Rate": 0,
    "Influence_Rank_Change": 0,
    "CoAuthor_Influence_Velocity": 0,
    "Source_SemanticScholar": false,
    "Source_OpenAlex": false,
    "Retrieved": "2025-12-16T01:21:54.986744"
  },
  {
    "Full_Name": "Engineer_048",
    "Citation_Velocity_Score": 0,
    "Citation_Growth_Rate": 0,
    "Influence_Rank_Change": 0,
    "CoAuthor_Influence_Velocity": 0,
    "Source_SemanticScholar": false,
    "Source_OpenAlex": false,
    "Retrieved": "2025-12-16T01:21:57.658895"
  },
  {
    "Full_Name": "Engineer_049",
    "Citation_Velocity_Score": 0,
    "Citation_Growth_Rate": 0,
    "Influence_Rank_Change": 0,
    "CoAuthor_Influence_Velocity": 0,
    "Source_SemanticScholar": false,
    "Source_OpenAlex": false,
    "Retrieved": "2025-12-16T01:21:58.350248"
  },
  {
    "Full_Name": "Engineer_050",
    "Citation_Velocity_Score": 0,
    "Citation_Growth_Rate": 0,
    "Influence_Rank_Change": 0,
    "CoAuthor_Influence_Velocity": 0,
    "Source_SemanticScholar": false,
    "Source_OpenAlex": false,
    "Retrieved": "2025-12-16T01:21:58.922420"
  },
  {
    "Full_Name": "Engineer_051",
    "Citation_Velocity_Score": 0,
    "Citation_Growth_Rate": 0,
    "Influence_Rank_Change": 0,
    "CoAuthor_Influence_Velocity": 0,
    "Source_SemanticScholar": false,
    "Source_OpenAlex": false,
    "Retrieved": "2025-12-16T01:21:59.477965"
  },
  {
    "Full_Name": "Engineer_052",
    "Citation_Velocity_Score": 0,
    "Citation_Growth_Rate": 0,
    "Influence_Rank_Change": 0,
    "CoAuthor_Influence_Velocity": 0,
    "Source_SemanticScholar": false,
    "Source_OpenAlex": false,
    "Retrieved": "2025-12-16T01:22:00.041086"
  },
  {
    "Full_Name": "Engineer_053",
    "Citation_Velocity_Score": 0,
    "Citation_Growth_Rate": 0,
    "Influence_Rank_Change": 0,
    "CoAuthor_Influence_Velocity": 0,
    "Source_SemanticScholar": false,
    "Source_OpenAlex": false,
    "Retrieved": "2025-12-16T01:22:00.720000"
  },
  {
    "Full_Name": "Engineer_054",
    "Citation_Velocity_Score": 0,
    "Citation_Growth_Rate": 0,
    "Influence_Rank_Change": 0,
    "CoAuthor_Influence_Velocity": 0,
    "Source_SemanticScholar": false,
    "Source_OpenAlex": false,
    "Retrieved": "2025-12-16T01:22:05.573424"
  },
  {
    "Full_Name": "Engineer_055",
    "Citation_Velocity_Score": 0,
    "Citation_Growth_Rate": 0,
    "Influence_Rank_Change": 0,
    "CoAuthor_Influence_Velocity": 0,
    "Source_SemanticScholar": false,
    "Source_OpenAlex": false,
    "Retrieved": "2025-12-16T01:22:06.147639"
  },
  {
    "Full_Name": "Engineer_056",
    "Citation_Velocity_Score": 0,
    "Citation_Growth_Rate": 0,
    "Influence_Rank_Change": 0,
    "CoAuthor_Influence_Velocity": 0,
    "Source_SemanticScholar": false,
    "Source_OpenAlex": false,
    "Retrieved": "2025-12-16T01:22:06.705271"
  },
  {
    "Full_Name": "Engineer_057",
    "Citation_Velocity_Score": 0,
    "Citation_Growth_Rate": 0,
    "Influence_Rank_Change": 0,
    "CoAuthor_Influence_Velocity": 0,
    "Source_SemanticScholar": false,
    "Source_OpenAlex": false,
    "Retrieved": "2025-12-16T01:22:09.437500"
  },
  {
    "Full_Name": "Engineer_058",
    "Citation_Velocity_Score": 0,
    "Citation_Growth_Rate": 0,
    "Influence_Rank_Change": 0,
    "CoAuthor_Influence_Velocity": 0,
    "Source_SemanticScholar": false,
    "Source_OpenAlex": false,
    "Retrieved": "2025-12-16T01:22:09.988404"
  },
  {
    "Full_Name": "Engineer_059",
    "Citation_Velocity_Score": 0,
    "Citation_Growth_Rate": 0,
    "Influence_Rank_Change": 0,
    "CoAuthor_Influence_Velocity": 0,
    "Source_SemanticScholar": false,
    "Source_OpenAlex": false,
    "Retrieved": "2025-12-16T01:22:10.564456"
  },
  {
    "Full_Name": "Engineer_060",
    "Citation_Velocity_Score": 0,
    "Citation_Growth_Rate": 0,
    "Influence_Rank_Change": 0,
    "CoAuthor_Influence_Velocity": 0,
    "Source_SemanticScholar": false,
    "Source_OpenAlex": false,
    "Retrieved": "2025-12-16T01:22:13.250740"
  },
  {
    "Full_Name": "Engineer_061",
    "Citation_Velocity_Score": 0,
    "Citation_Growth_Rate": 0,
    "Influence_Rank_Change": 0,
    "CoAuthor_Influence_Velocity": 0,
    "Source_SemanticScholar": false,
    "Source_OpenAlex": false,
    "Retrieved": "2025-12-16T01:22:13.784054"
  },
  {
    "Full_Name": "Engineer_062",
    "Citation_Velocity_Score": 0,
    "Citation_Growth_Rate": 0,
    "Influence_Rank_Change": 0,
    "CoAuthor_Influence_Velocity": 0,
    "Source_SemanticScholar": false,
    "Source_OpenAlex": false,
    "Retrieved": "2025-12-16T01:22:14.396847"
  },
  {
    "Full_Name": "Engineer_063",
    "Citation_Velocity_Score": 0,
    "Citation_Growth_Rate": 0,
    "Influence_Rank_Change": 0,
    "CoAuthor_Influence_Velocity": 0,
    "Source_SemanticScholar": false,
    "Source_OpenAlex": false,
    "Retrieved": "2025-12-16T01:22:14.984570"
  },
  {
    "Full_Name": "Engineer_064",
    "Citation_Velocity_Score": 0,
    "Citation_Growth_Rate": 0,
    "Influence_Rank_Change": 0,
    "CoAuthor_Influence_Velocity": 0,
    "Source_SemanticScholar": false,
    "Source_OpenAlex": false,
    "Retrieved": "2025-12-16T01:22:15.559425"
  },
  {
    "Full_Name": "Engineer_065",
    "Citation_Velocity_Score": 0,
    "Citation_Growth_Rate": 0,
    "Influence_Rank_Change": 0,
    "CoAuthor_Influence_Velocity": 0,
    "Source_SemanticScholar": false,
    "Source_OpenAlex": false,
    "Retrieved": "2025-12-16T01:22:20.424569"
  },
  {
    "Full_Name": "Engineer_066",
    "Citation_Velocity_Score": 0,
    "Citation_Growth_Rate": 0,
    "Influence_Rank_Change": 0,
    "CoAuthor_Influence_Velocity": 0,
    "Source_SemanticScholar": false,
    "Source_OpenAlex": false,
    "Retrieved": "2025-12-16T01:22:23.209644"
  },
  {
    "Full_Name": "Engineer_067",
    "Citation_Velocity_Score": 0,
    "Citation_Growth_Rate": 0,
    "Influence_Rank_Change": 0,
    "CoAuthor_Influence_Velocity": 0,
    "Source_SemanticScholar": false,
    "Source_OpenAlex": false,
    "Retrieved": "2025-12-16T01:22:23.767127"
  },
  {
    "Full_Name": "Engineer_068",
    "Citation_Velocity_Score": 0,
    "Citation_Growth_Rate": 0,
    "Influence_Rank_Change": 0,
    "CoAuthor_Influence_Velocity": 0,
    "Source_SemanticScholar": false,
    "Source_OpenAlex": false,
    "Retrieved": "2025-12-16T01:22:24.344426"
  },
  {
    "Full_Name": "Engineer_069",
    "Citation_Velocity_Score": 0,
    "Citation_Growth_Rate": 0,
    "Influence_Rank_Change": 0,
    "CoAuthor_Influence_Velocity": 0,
    "Source_SemanticScholar": false,
    "Source_OpenAlex": false,
    "Retrieved": "2025-12-16T01:22:24.940585"
  },
  {
    "Full_Name": "Engineer_070",
    "Citation_Velocity_Score": 0,
    "Citation_Growth_Rate": 0,
    "Influence_Rank_Change": 0,
    "CoAuthor_Influence_Velocity": 0,
    "Source_SemanticScholar": false,
    "Source_OpenAlex": false,
    "Retrieved": "2025-12-16T01:22:25.552531"
  },
  {
    "Full_Name": "Engineer_071",
    "Citation_Velocity_Score": 0,
    "Citation_Growth_Rate": 0,
    "Influence_Rank_Change": 0,
    "CoAuthor_Influence_Velocity": 0,
    "Source_SemanticScholar": false,
    "Source_OpenAlex": false,
    "Retrieved": "2025-12-16T01:22:26.108083"
  },
  {
    "Full_Name": "Engineer_072",
    "Citation_Velocity_Score": 0,
    "Citation_Growth_Rate": 0,
    "Influence_Rank_Change": 0,
    "CoAuthor_Influence_Velocity": 0,
    "Source_SemanticScholar": false,
    "Source_OpenAlex": false,
    "Retrieved": "2025-12-16T01:22:26.662817"
  },
  {
    "Full_Name": "Engineer_073",
    "Citation_Velocity_Score": 0,
    "Citation_Growth_Rate": 0,
    "Influence_Rank_Change": 0,
    "CoAuthor_Influence_Velocity": 0,
    "Source_SemanticScholar": false,
    "Source_OpenAlex": false,
    "Retrieved": "2025-12-16T01:22:27.216020"
  },
  {
    "Full_Name": "Engineer_074",
    "Citation_Velocity_Score": 0,
    "Citation_Growth_Rate": 0,
    "Influence_Rank_Change": 0,
    "CoAuthor_Influence_Velocity": 0,
    "Source_SemanticScholar": false,
    "Source_OpenAlex": false,
    "Retrieved": "2025-12-16T01:22:27.810286"
  },
  {
    "Full_Name": "Engineer_075",
    "Citation_Velocity_Score": 0,
    "Citation_Growth_Rate": 0,
    "Influence_Rank_Change": 0,
    "CoAuthor_Influence_Velocity": 0,
    "Source_SemanticScholar": false,
    "Source_OpenAlex": false,
    "Retrieved": "2025-12-16T01:22:28.331556"
  },
  {
    "Full_Name": "Engineer_076",
    "Citation_Velocity_Score": 0,
    "Citation_Growth_Rate": 0,
    "Influence_Rank_Change": 0,
    "CoAuthor_Influence_Velocity": 0,
    "Source_SemanticScholar": false,
    "Source_OpenAlex": false,
    "Retrieved": "2025-12-16T01:22:28.912128"
  },
  {
    "Full_Name": "Engineer_077",
    "Citation_Velocity_Score": 0,
    "Citation_Growth_Rate": 0,
    "Influence_Rank_Change": 0,
    "CoAuthor_Influence_Velocity": 0,
    "Source_SemanticScholar": false,
    "Source_OpenAlex": false,
    "Retrieved": "2025-12-16T01:22:29.558298"
  },
  {
    "Full_Name": "Engineer_078",
    "Citation_Velocity_Score": 0,
    "Citation_Growth_Rate": 0,
    "Influence_Rank_Change": 0,
    "CoAuthor_Influence_Velocity": 0,
    "Source_SemanticScholar": false,
    "Source_OpenAlex": false,
    "Retrieved": "2025-12-16T01:22:30.078058"
  },
  {
    "Full_Name": "Engineer_079",
    "Citation_Velocity_Score": 0,
    "Citation_Growth_Rate": 0,
    "Influence_Rank_Change": 0,
    "CoAuthor_Influence_Velocity": 0,
    "Source_SemanticScholar": false,
    "Source_OpenAlex": false,
    "Retrieved": "2025-12-16T01:22:30.625288"
  },
  {
    "Full_Name": "Engineer_080",
    "Citation_Velocity_Score": 0,
    "Citation_Growth_Rate": 0,
    "Influence_Rank_Change": 0,
    "CoAuthor_Influence_Velocity": 0,
    "Source_SemanticScholar": false,
    "Source_OpenAlex": false,
    "Retrieved": "2025-12-16T01:22:31.255094"
  },
  {
    "Full_Name": "Engineer_081",
    "Citation_Velocity_Score": 0,
    "Citation_Growth_Rate": 0,
    "Influence_Rank_Change": 0,
    "CoAuthor_Influence_Velocity": 0,
    "Source_SemanticScholar": false,
    "Source_OpenAlex": false,
    "Retrieved": "2025-12-16T01:22:31.944193"
  },
  {
    "Full_Name": "Engineer_082",
    "Citation_Velocity_Score": 0,
    "Citation_Growth_Rate": 0,
    "Influence_Rank_Change": 0,
    "CoAuthor_Influence_Velocity": 0,
    "Source_SemanticScholar": false,
    "Source_OpenAlex": false,
    "Retrieved": "2025-12-16T01:22:32.449264"
  },
  {
    "Full_Name": "Engineer_083",
    "Citation_Velocity_Score": 0,
    "Citation_Growth_Rate": 0,
    "Influence_Rank_Change": 0,
    "CoAuthor_Influence_Velocity": 0,
    "Source_SemanticScholar": false,
    "Source_OpenAlex": false,
    "Retrieved": "2025-12-16T01:22:33.016023"
  },
  {
    "Full_Name": "Engineer_084",
    "Citation_Velocity_Score": 0,
    "Citation_Growth_Rate": 0,
    "Influence_Rank_Change": 0,
    "CoAuthor_Influence_Velocity": 0,
    "Source_SemanticScholar": false,
    "Source_OpenAlex": false,
    "Retrieved": "2025-12-16T01:22:33.577951"
  },
  {
    "Full_Name": "Engineer_085",
    "Citation_Velocity_Score": 0,
    "Citation_Growth_Rate": 0,
    "Influence_Rank_Change": 0,
    "CoAuthor_Influence_Velocity": 0,
    "Source_SemanticScholar": false,
    "Source_OpenAlex": false,
    "Retrieved": "2025-12-16T01:22:36.222677"
  },
  {
    "Full_Name": "Engineer_086",
    "Citation_Velocity_Score": 0,
    "Citation_Growth_Rate": 0,
    "Influence_Rank_Change": 0,
    "CoAuthor_Influence_Velocity": 0,
    "Source_SemanticScholar": false,
    "Source_OpenAlex": false,
    "Retrieved": "2025-12-16T01:22:36.734849"
  },
  {
    "Full_Name": "Engineer_087",
    "Citation_Velocity_Score": 0,
    "Citation_Growth_Rate": 0,
    "Influence_Rank_Change": 0,
    "CoAuthor_Influence_Velocity": 0,
    "Source_SemanticScholar": false,
    "Source_OpenAlex": false,
    "Retrieved": "2025-12-16T01:22:37.235065"
  },
  {
    "Full_Name": "Engineer_088",
    "Citation_Velocity_Score": 0,
    "Citation_Growth_Rate": 0,
    "Influence_Rank_Change": 0,
    "CoAuthor_Influence_Velocity": 0,
    "Source_SemanticScholar": false,
    "Source_OpenAlex": false,
    "Retrieved": "2025-12-16T01:22:37.789351"
  },
  {
    "Full_Name": "Engineer_089",
    "Citation_Velocity_Score": 0,
    "Citation_Growth_Rate": 0,
    "Influence_Rank_Change": 0,
    "CoAuthor_Influence_Velocity": 0,
    "Source_SemanticScholar": false,
    "Source_OpenAlex": false,
    "Retrieved": "2025-12-16T01:22:46.799704"
  },
  {
    "Full_Name": "Engineer_090",
    "Citation_Velocity_Score": 0,
    "Citation_Growth_Rate": 0,
    "Influence_Rank_Change": 0,
    "CoAuthor_Influence_Velocity": 0,
    "Source_SemanticScholar": false,
    "Source_OpenAlex": false,
    "Retrieved": "2025-12-16T01:22:47.369457"
  },
  {
    "Full_Name": "Engineer_091",
    "Citation_Velocity_Score": 0,
    "Citation_Growth_Rate": 0,
    "Influence_Rank_Change": 0,
    "CoAuthor_Influence_Velocity": 0,
    "Source_SemanticScholar": false,
    "Source_OpenAlex": false,
    "Retrieved": "2025-12-16T01:22:47.930909"
  },
  {
    "Full_Name": "Engineer_092",
    "Citation_Velocity_Score": 0,
    "Citation_Growth_Rate": 0,
    "Influence_Rank_Change": 0,
    "CoAuthor_Influence_Velocity": 0,
    "Source_SemanticScholar": false,
    "Source_OpenAlex": false,
    "Retrieved": "2025-12-16T01:22:48.447685"
  },
  {
    "Full_Name": "Engineer_093",
    "Citation_Velocity_Score": 0,
    "Citation_Growth_Rate": 0,
    "Influence_Rank_Change": 0,
    "CoAuthor_Influence_Velocity": 0,
    "Source_SemanticScholar": false,
    "Source_OpenAlex": false,
    "Retrieved": "2025-12-16T01:22:51.107349"
  },
  {
    "Full_Name": "Engineer_094",
    "Citation_Velocity_Score": 0,
    "Citation_Growth_Rate": 0,
    "Influence_Rank_Change": 0,
    "CoAuthor_Influence_Velocity": 0,
    "Source_SemanticScholar": false,
    "Source_OpenAlex": false,
    "Retrieved": "2025-12-16T01:22:53.896817"
  },
  {
    "Full_Name": "Engineer_095",
    "Citation_Velocity_Score": 0,
    "Citation_Growth_Rate": 0,
    "Influence_Rank_Change": 0,
    "CoAuthor_Influence_Velocity": 0,
    "Source_SemanticScholar": false,
    "Source_OpenAlex": false,
    "Retrieved": "2025-12-16T01:22:54.639789"
  },
  {
    "Full_Name": "Engineer_096",
    "Citation_Velocity_Score": 0,
    "Citation_Growth_Rate": 0,
    "Influence_Rank_Change": 0,
    "CoAuthor_Influence_Velocity": 0,
    "Source_SemanticScholar": false,
    "Source_OpenAlex": false,
    "Retrieved": "2025-12-16T01:22:55.255477"
  },
  {
    "Full_Name": "Engineer_097",
    "Citation_Velocity_Score": 0,
    "Citation_Growth_Rate": 0,
    "Influence_Rank_Change": 0,
    "CoAuthor_Influence_Velocity": 0,
    "Source_SemanticScholar": false,
    "Source_OpenAlex": false,
    "Retrieved": "2025-12-16T01:22:55.836194"
  },
  {
    "Full_Name": "Engineer_098",
    "Citation_Velocity_Score": 0,
    "Citation_Growth_Rate": 0,
    "Influence_Rank_Change": 0,
    "CoAuthor_Influence_Velocity": 0,
    "Source_SemanticScholar": false,
    "Source_OpenAlex": false,
    "Retrieved": "2025-12-16T01:22:56.424731"
  },
  {
    "Full_Name": "Engineer_099",
    "Citation_Velocity_Score": 0,
    "Citation_Growth_Rate": 0,
    "Influence_Rank_Change": 0,
    "CoAuthor_Influence_Velocity": 0,
    "Source_SemanticScholar": false,
    "Source_OpenAlex": false,
    "Retrieved": "2025-12-16T01:22:56.961531"
  },
  {
    "Full_Name": "Engineer_100",
    "Citation_Velocity_Score": 0,
    "Citation_Growth_Rate": 0,
    "Influence_Rank_Change": 0,
    "CoAuthor_Influence_Velocity": 0,
    "Source_SemanticScholar": false,
    "Source_OpenAlex": false,
    "Retrieved": "2025-12-16T01:22:59.675976"
  },
  {
    "Full_Name": "Engineer_101",
    "Citation_Velocity_Score": 0,
    "Citation_Growth_Rate": 0,
    "Influence_Rank_Change": 0,
    "CoAuthor_Influence_Velocity": 0,
    "Source_SemanticScholar": false,
    "Source_OpenAlex": false,
    "Retrieved": "2025-12-16T01:23:00.175160"
  },
  {
    "Full_Name": "Engineer_102",
    "Citation_Velocity_Score": 0,
    "Citation_Growth_Rate": 0,
    "Influence_Rank_Change": 0,
    "CoAuthor_Influence_Velocity": 0,
    "Source_SemanticScholar": false,
    "Source_OpenAlex": false,
    "Retrieved": "2025-12-16T01:23:00.747801"
  },
  {
    "Full_Name": "Engineer_103",
    "Citation_Velocity_Score": 0,
    "Citation_Growth_Rate": 0,
    "Influence_Rank_Change": 0,
    "CoAuthor_Influence_Velocity": 0,
    "Source_SemanticScholar": false,
    "Source_OpenAlex": false,
    "Retrieved": "2025-12-16T01:23:01.313896"
  },
  {
    "Full_Name": "Engineer_104",
    "Citation_Velocity_Score": 0,
    "Citation_Growth_Rate": 0,
    "Influence_Rank_Change": 0,
    "CoAuthor_Influence_Velocity": 0,
    "Source_SemanticScholar": false,
    "Source_OpenAlex": false,
    "Retrieved": "2025-12-16T01:23:01.830705"
  },
  {
    "Full_Name": "Engineer_105",
    "Citation_Velocity_Score": 0,
    "Citation_Growth_Rate": 0,
    "Influence_Rank_Change": 0,
    "CoAuthor_Influence_Velocity": 0,
    "Source_SemanticScholar": false,
    "Source_OpenAlex": false,
    "Retrieved": "2025-12-16T01:23:02.368375"
  },
  {
    "Full_Name": "Engineer_106",
    "Citation_Velocity_Score": 0,
    "Citation_Growth_Rate": 0,
    "Influence_Rank_Change": 0,
    "CoAuthor_Influence_Velocity": 0,
    "Source_SemanticScholar": false,
    "Source_OpenAlex": false,
    "Retrieved": "2025-12-16T01:23:05.067115"
  },
  {
    "Full_Name": "Engineer_107",
    "Citation_Velocity_Score": 0,
    "Citation_Growth_Rate": 0,
    "Influence_Rank_Change": 0,
    "CoAuthor_Influence_Velocity": 0,
    "Source_SemanticScholar": false,
    "Source_OpenAlex": false,
    "Retrieved": "2025-12-16T01:23:05.569273"
  },
  {
    "Full_Name": "Engineer_108",
    "Citation_Velocity_Score": 0,
    "Citation_Growth_Rate": 0,
    "Influence_Rank_Change": 0,
    "CoAuthor_Influence_Velocity": 0,
    "Source_SemanticScholar": false,
    "Source_OpenAlex": false,
    "Retrieved": "2025-12-16T01:23:06.247201"
  },
  {
    "Full_Name": "Engineer_109",
    "Citation_Velocity_Score": 0,
    "Citation_Growth_Rate": 0,
    "Influence_Rank_Change": 0,
    "CoAuthor_Influence_Velocity": 0,
    "Source_SemanticScholar": false,
    "Source_OpenAlex": false,
    "Retrieved": "2025-12-16T01:23:08.919899"
  },
  {
    "Full_Name": "Engineer_110",
    "Citation_Velocity_Score": 0,
    "Citation_Growth_Rate": 0,
    "Influence_Rank_Change": 0,
    "CoAuthor_Influence_Velocity": 0,
    "Source_SemanticScholar": false,
    "Source_OpenAlex": false,
    "Retrieved": "2025-12-16T01:23:09.597050"
  },
  {
    "Full_Name": "Engineer_111",
    "Citation_Velocity_Score": 0,
    "Citation_Growth_Rate": 0,
    "Influence_Rank_Change": 0,
    "CoAuthor_Influence_Velocity": 0,
    "Source_SemanticScholar": false,
    "Source_OpenAlex": false,
    "Retrieved": "2025-12-16T01:23:10.177572"
  },
  {
    "Full_Name": "Engineer_112",
    "Citation_Velocity_Score": 0,
    "Citation_Growth_Rate": 0,
    "Influence_Rank_Change": 0,
    "CoAuthor_Influence_Velocity": 0,
    "Source_SemanticScholar": false,
    "Source_OpenAlex": false,
    "Retrieved": "2025-12-16T01:23:10.727665"
  },
  {
    "Full_Name": "Engineer_113",
    "Citation_Velocity_Score": 0,
    "Citation_Growth_Rate": 0,
    "Influence_Rank_Change": 0,
    "CoAuthor_Influence_Velocity": 0,
    "Source_SemanticScholar": false,
    "Source_OpenAlex": false,
    "Retrieved": "2025-12-16T01:23:11.237528"
  },
  {
    "Full_Name": "Engineer_114",
    "Citation_Velocity_Score": 0,
    "Citation_Growth_Rate": 0,
    "Influence_Rank_Change": 0,
    "CoAuthor_Influence_Velocity": 0,
    "Source_SemanticScholar": false,
    "Source_OpenAlex": false,
    "Retrieved": "2025-12-16T01:23:11.817182"
  },
  {
    "Full_Name": "Engineer_115",
    "Citation_Velocity_Score": 0,
    "Citation_Growth_Rate": 0,
    "Influence_Rank_Change": 0,
    "CoAuthor_Influence_Velocity": 0,
    "Source_SemanticScholar": false,
    "Source_OpenAlex": false,
    "Retrieved": "2025-12-16T01:23:12.378804"
  },
  {
    "Full_Name": "Engineer_116",
    "Citation_Velocity_Score": 0,
    "Citation_Growth_Rate": 0,
    "Influence_Rank_Change": 0,
    "CoAuthor_Influence_Velocity": 0,
    "Source_SemanticScholar": false,
    "Source_OpenAlex": false,
    "Retrieved": "2025-12-16T01:23:17.206192"
  },
  {
    "Full_Name": "Engineer_117",
    "Citation_Velocity_Score": 0,
    "Citation_Growth_Rate": 0,
    "Influence_Rank_Change": 0,
    "CoAuthor_Influence_Velocity": 0,
    "Source_SemanticScholar": false,
    "Source_OpenAlex": false,
    "Retrieved": "2025-12-16T01:23:17.789774"
  },
  {
    "Full_Name": "Engineer_118",
    "Citation_Velocity_Score": 0,
    "Citation_Growth_Rate": 0,
    "Influence_Rank_Change": 0,
    "CoAuthor_Influence_Velocity": 0,
    "Source_SemanticScholar": false,
    "Source_OpenAlex": false,
    "Retrieved": "2025-12-16T01:23:18.361736"
  },
  {
    "Full_Name": "Engineer_119",
    "Citation_Velocity_Score": 0,
    "Citation_Growth_Rate": 0,
    "Influence_Rank_Change": 0,
    "CoAuthor_Influence_Velocity": 0,
    "Source_SemanticScholar": false,
    "Source_OpenAlex": false,
    "Retrieved": "2025-12-16T01:23:18.926846"
  },
  {
    "Full_Name": "Engineer_120",
    "Citation_Velocity_Score": 0,
    "Citation_Growth_Rate": 0,
    "Influence_Rank_Change": 0,
    "CoAuthor_Influence_Velocity": 0,
    "Source_SemanticScholar": false,
    "Source_OpenAlex": false,
    "Retrieved": "2025-12-16T01:23:19.513357"
  },
  {
    "Full_Name": "Engineer_121",
    "Citation_Velocity_Score": 0,
    "Citation_Growth_Rate": 0,
    "Influence_Rank_Change": 0,
    "CoAuthor_Influence_Velocity": 0,
    "Source_SemanticScholar": false,
    "Source_OpenAlex": false,
    "Retrieved": "2025-12-16T01:23:20.081700"
  },
  {
    "Full_Name": "Engineer_122",
    "Citation_Velocity_Score": 0,
    "Citation_Growth_Rate": 0,
    "Influence_Rank_Change": 0,
    "CoAuthor_Influence_Velocity": 0,
    "Source_SemanticScholar": false,
    "Source_OpenAlex": false,
    "Retrieved": "2025-12-16T01:23:22.792540"
  },
  {
    "Full_Name": "Engineer_123",
    "Citation_Velocity_Score": 0,
    "Citation_Growth_Rate": 0,
    "Influence_Rank_Change": 0,
    "CoAuthor_Influence_Velocity": 0,
    "Source_SemanticScholar": false,
    "Source_OpenAlex": false,
    "Retrieved": "2025-12-16T01:23:25.462047"
  },
  {
    "Full_Name": "Engineer_124",
    "Citation_Velocity_Score": 0,
    "Citation_Growth_Rate": 0,
    "Influence_Rank_Change": 0,
    "CoAuthor_Influence_Velocity": 0,
    "Source_SemanticScholar": false,
    "Source_OpenAlex": false,
    "Retrieved": "2025-12-16T01:23:28.174799"
  },
  {
    "Full_Name": "Engineer_125",
    "Citation_Velocity_Score": 0,
    "Citation_Growth_Rate": 0,
    "Influence_Rank_Change": 0,
    "CoAuthor_Influence_Velocity": 0,
    "Source_SemanticScholar": false,
    "Source_OpenAlex": false,
    "Retrieved": "2025-12-16T01:23:28.734852"
  },
  {
    "Full_Name": "Engineer_126",
    "Citation_Velocity_Score": 0,
    "Citation_Growth_Rate": 0,
    "Influence_Rank_Change": 0,
    "CoAuthor_Influence_Velocity": 0,
    "Source_SemanticScholar": false,
    "Source_OpenAlex": false,
    "Retrieved": "2025-12-16T01:23:29.470474"
  },
  {
    "Full_Name": "Engineer_127",
    "Citation_Velocity_Score": 0,
    "Citation_Growth_Rate": 0,
    "Influence_Rank_Change": 0,
    "CoAuthor_Influence_Velocity": 0,
    "Source_SemanticScholar": false,
    "Source_OpenAlex": false,
    "Retrieved": "2025-12-16T01:23:32.172819"
  },
  {
    "Full_Name": "Engineer_128",
    "Citation_Velocity_Score": 0,
    "Citation_Growth_Rate": 0,
    "Influence_Rank_Change": 0,
    "CoAuthor_Influence_Velocity": 0,
    "Source_SemanticScholar": false,
    "Source_OpenAlex": false,
    "Retrieved": "2025-12-16T01:23:32.759026"
  },
  {
    "Full_Name": "Engineer_129",
    "Citation_Velocity_Score": 0,
    "Citation_Growth_Rate": 0,
    "Influence_Rank_Change": 0,
    "CoAuthor_Influence_Velocity": 0,
    "Source_SemanticScholar": false,
    "Source_OpenAlex": false,
    "Retrieved": "2025-12-16T01:23:33.345693"
  },
  {
    "Full_Name": "Engineer_130",
    "Citation_Velocity_Score": 0,
    "Citation_Growth_Rate": 0,
    "Influence_Rank_Change": 0,
    "CoAuthor_Influence_Velocity": 0,
    "Source_SemanticScholar": false,
    "Source_OpenAlex": false,
    "Retrieved": "2025-12-16T01:23:33.972642"
  },
  {
    "Full_Name": "Engineer_131",
    "Citation_Velocity_Score": 0,
    "Citation_Growth_Rate": 0,
    "Influence_Rank_Change": 0,
    "CoAuthor_Influence_Velocity": 0,
    "Source_SemanticScholar": false,
    "Source_OpenAlex": false,
    "Retrieved": "2025-12-16T01:23:34.539723"
  },
  {
    "Full_Name": "Engineer_132",
    "Citation_Velocity_Score": 0,
    "Citation_Growth_Rate": 0,
    "Influence_Rank_Change": 0,
    "CoAuthor_Influence_Velocity": 0,
    "Source_SemanticScholar": false,
    "Source_OpenAlex": false,
    "Retrieved": "2025-12-16T01:23:35.124761"
  },
  {
    "Full_Name": "Engineer_133",
    "Citation_Velocity_Score": 0,
    "Citation_Growth_Rate": 0,
    "Influence_Rank_Change": 0,
    "CoAuthor_Influence_Velocity": 0,
    "Source_SemanticScholar": false,
    "Source_OpenAlex": false,
    "Retrieved": "2025-12-16T01:23:35.705853"
  },
  {
    "Full_Name": "Engineer_134",
    "Citation_Velocity_Score": 0,
    "Citation_Growth_Rate": 0,
    "Influence_Rank_Change": 0,
    "CoAuthor_Influence_Velocity": 0,
    "Source_SemanticScholar": false,
    "Source_OpenAlex": false,
    "Retrieved": "2025-12-16T01:23:36.256453"
  },
  {
    "Full_Name": "Engineer_135",
    "Citation_Velocity_Score": 0,
    "Citation_Growth_Rate": 0,
    "Influence_Rank_Change": 0,
    "CoAuthor_Influence_Velocity": 0,
    "Source_SemanticScholar": false,
    "Source_OpenAlex": false,
    "Retrieved": "2025-12-16T01:23:36.828460"
  },
  {
    "Full_Name": "Engineer_136",
    "Citation_Velocity_Score": 0,
    "Citation_Growth_Rate": 0,
    "Influence_Rank_Change": 0,
    "CoAuthor_Influence_Velocity": 0,
    "Source_SemanticScholar": false,
    "Source_OpenAlex": false,
    "Retrieved": "2025-12-16T01:23:41.726831"
  },
  {
    "Full_Name": "Engineer_137",
    "Citation_Velocity_Score": 0,
    "Citation_Growth_Rate": 0,
    "Influence_Rank_Change": 0,
    "CoAuthor_Influence_Velocity": 0,
    "Source_SemanticScholar": false,
    "Source_OpenAlex": false,
    "Retrieved": "2025-12-16T01:23:42.239701"
  },
  {
    "Full_Name": "Engineer_138",
    "Citation_Velocity_Score": 0,
    "Citation_Growth_Rate": 0,
    "Influence_Rank_Change": 0,
    "CoAuthor_Influence_Velocity": 0,
    "Source_SemanticScholar": false,
    "Source_OpenAlex": false,
    "Retrieved": "2025-12-16T01:23:42.815908"
  },
  {
    "Full_Name": "Engineer_139",
    "Citation_Velocity_Score": 0,
    "Citation_Growth_Rate": 0,
    "Influence_Rank_Change": 0,
    "CoAuthor_Influence_Velocity": 0,
    "Source_SemanticScholar": false,
    "Source_OpenAlex": false,
    "Retrieved": "2025-12-16T01:23:43.382103"
  },
  {
    "Full_Name": "Engineer_140",
    "Citation_Velocity_Score": 0,
    "Citation_Growth_Rate": 0,
    "Influence_Rank_Change": 0,
    "CoAuthor_Influence_Velocity": 0,
    "Source_SemanticScholar": false,
    "Source_OpenAlex": false,
    "Retrieved": "2025-12-16T01:23:43.927348"
  },
  {
    "Full_Name": "Engineer_141",
    "Citation_Velocity_Score": 0,
    "Citation_Growth_Rate": 0,
    "Influence_Rank_Change": 0,
    "CoAuthor_Influence_Velocity": 0,
    "Source_SemanticScholar": false,
    "Source_OpenAlex": false,
    "Retrieved": "2025-12-16T01:23:44.496030"
  },
  {
    "Full_Name": "Engineer_142",
    "Citation_Velocity_Score": 0,
    "Citation_Growth_Rate": 0,
    "Influence_Rank_Change": 0,
    "CoAuthor_Influence_Velocity": 0,
    "Source_SemanticScholar": false,
    "Source_OpenAlex": false,
    "Retrieved": "2025-12-16T01:23:45.075389"
  },
  {
    "Full_Name": "Engineer_143",
    "Citation_Velocity_Score": 0,
    "Citation_Growth_Rate": 0,
    "Influence_Rank_Change": 0,
    "CoAuthor_Influence_Velocity": 0,
    "Source_SemanticScholar": false,
    "Source_OpenAlex": false,
    "Retrieved": "2025-12-16T01:23:45.643845"
  },
  {
    "Full_Name": "Engineer_144",
    "Citation_Velocity_Score": 0,
    "Citation_Growth_Rate": 0,
    "Influence_Rank_Change": 0,
    "CoAuthor_Influence_Velocity": 0,
    "Source_SemanticScholar": false,
    "Source_OpenAlex": false,
    "Retrieved": "2025-12-16T01:23:46.208228"
  },
  {
    "Full_Name": "Engineer_145",
    "Citation_Velocity_Score": 0,
    "Citation_Growth_Rate": 0,
    "Influence_Rank_Change": 0,
    "CoAuthor_Influence_Velocity": 0,
    "Source_SemanticScholar": false,
    "Source_OpenAlex": false,
    "Retrieved": "2025-12-16T01:23:51.073062"
  },
  {
    "Full_Name": "Engineer_146",
    "Citation_Velocity_Score": 0,
    "Citation_Growth_Rate": 0,
    "Influence_Rank_Change": 0,
    "CoAuthor_Influence_Velocity": 0,
    "Source_SemanticScholar": false,
    "Source_OpenAlex": false,
    "Retrieved": "2025-12-16T01:23:51.694933"
  },
  {
    "Full_Name": "Engineer_147",
    "Citation_Velocity_Score": 0,
    "Citation_Growth_Rate": 0,
    "Influence_Rank_Change": 0,
    "CoAuthor_Influence_Velocity": 0,
    "Source_SemanticScholar": false,
    "Source_OpenAlex": false,
    "Retrieved": "2025-12-16T01:23:56.613281"
  },
  {
    "Full_Name": "Engineer_148",
    "Citation_Velocity_Score": 0,
    "Citation_Growth_Rate": 0,
    "Influence_Rank_Change": 0,
    "CoAuthor_Influence_Velocity": 0,
    "Source_SemanticScholar": false,
    "Source_OpenAlex": false,
    "Retrieved": "2025-12-16T01:23:57.165114"
  },
  {
    "Full_Name": "Engineer_149",
    "Citation_Velocity_Score": 0,
    "Citation_Growth_Rate": 0,
    "Influence_Rank_Change": 0,
    "CoAuthor_Influence_Velocity": 0,
    "Source_SemanticScholar": false,
    "Source_OpenAlex": false,
    "Retrieved": "2025-12-16T01:23:57.732676"
  },
  {
    "Full_Name": "Engineer_150",
    "Citation_Velocity_Score": 0,
    "Citation_Growth_Rate": 0,
    "Influence_Rank_Change": 0,
    "CoAuthor_Influence_Velocity": 0,
    "Source_SemanticScholar": false,
    "Source_OpenAlex": false,
    "Retrieved": "2025-12-16T01:23:58.285599"
  },
  {
    "Full_Name": "Engineer_151",
    "Citation_Velocity_Score": 0,
    "Citation_Growth_Rate": 0,
    "Influence_Rank_Change": 0,
    "CoAuthor_Influence_Velocity": 0,
    "Source_SemanticScholar": false,
    "Source_OpenAlex": false,
    "Retrieved": "2025-12-16T01:23:58.826444"
  },
  {
    "Full_Name": "Engineer_152",
    "Citation_Velocity_Score": 0,
    "Citation_Growth_Rate": 0,
    "Influence_Rank_Change": 0,
    "CoAuthor_Influence_Velocity": 0,
    "Source_SemanticScholar": false,
    "Source_OpenAlex": false,
    "Retrieved": "2025-12-16T01:24:07.675141"
  },
  {
    "Full_Name": "Engineer_153",
    "Citation_Velocity_Score": 0,
    "Citation_Growth_Rate": 0,
    "Influence_Rank_Change": 0,
    "CoAuthor_Influence_Velocity": 0,
    "Source_SemanticScholar": false,
    "Source_OpenAlex": false,
    "Retrieved": "2025-12-16T01:24:16.652683"
  },
  {
    "Full_Name": "Engineer_154",
    "Citation_Velocity_Score": 0,
    "Citation_Growth_Rate": 0,
    "Influence_Rank_Change": 0,
    "CoAuthor_Influence_Velocity": 0,
    "Source_SemanticScholar": false,
    "Source_OpenAlex": false,
    "Retrieved": "2025-12-16T01:24:25.561605"
  },
  {
    "Full_Name": "Engineer_155",
    "Citation_Velocity_Score": 0,
    "Citation_Growth_Rate": 0,
    "Influence_Rank_Change": 0,
    "CoAuthor_Influence_Velocity": 0,
    "Source_SemanticScholar": false,
    "Source_OpenAlex": false,
    "Retrieved": "2025-12-16T01:24:34.482755"
  },
  {
    "Full_Name": "Engineer_156",
    "Citation_Velocity_Score": 0,
    "Citation_Growth_Rate": 0,
    "Influence_Rank_Change": 0,
    "CoAuthor_Influence_Velocity": 0,
    "Source_SemanticScholar": false,
    "Source_OpenAlex": false,
    "Retrieved": "2025-12-16T01:24:43.382079"
  },
  {
    "Full_Name": "Engineer_157",
    "Citation_Velocity_Score": 0,
    "Citation_Growth_Rate": 0,
    "Influence_Rank_Change": 0,
    "CoAuthor_Influence_Velocity": 0,
    "Source_SemanticScholar": false,
    "Source_OpenAlex": false,
    "Retrieved": "2025-12-16T01:24:52.433369"
  },
  {
    "Full_Name": "Engineer_158",
    "Citation_Velocity_Score": 0,
    "Citation_Growth_Rate": 0,
    "Influence_Rank_Change": 0,
    "CoAuthor_Influence_Velocity": 0,
    "Source_SemanticScholar": false,
    "Source_OpenAlex": false,
    "Retrieved": "2025-12-16T01:25:01.331881"
  },
  {
    "Full_Name": "Engineer_159",
    "Citation_Velocity_Score": 0,
    "Citation_Growth_Rate": 0,
    "Influence_Rank_Change": 0,
    "CoAuthor_Influence_Velocity": 0,
    "Source_SemanticScholar": false,
    "Source_OpenAlex": false,
    "Retrieved": "2025-12-16T01:25:10.332536"
  },
  {
    "Full_Name": "Engineer_160",
    "Citation_Velocity_Score": 0,
    "Citation_Growth_Rate": 0,
    "Influence_Rank_Change": 0,
    "CoAuthor_Influence_Velocity": 0,
    "Source_SemanticScholar": false,
    "Source_OpenAlex": false,
    "Retrieved": "2025-12-16T01:25:19.277413"
  },
  {
    "Full_Name": "Engineer_161",
    "Citation_Velocity_Score": 0,
    "Citation_Growth_Rate": 0,
    "Influence_Rank_Change": 0,
    "CoAuthor_Influence_Velocity": 0,
    "Source_SemanticScholar": false,
    "Source_OpenAlex": false,
    "Retrieved": "2025-12-16T01:25:28.227241"
  },
  {
    "Full_Name": "Engineer_162",
    "Citation_Velocity_Score": 0,
    "Citation_Growth_Rate": 0,
    "Influence_Rank_Change": 0,
    "CoAuthor_Influence_Velocity": 0,
    "Source_SemanticScholar": false,
    "Source_OpenAlex": false,
    "Retrieved": "2025-12-16T01:25:37.134301"
  },
  {
    "Full_Name": "Engineer_163",
    "Citation_Velocity_Score": 0,
    "Citation_Growth_Rate": 0,
    "Influence_Rank_Change": 0,
    "CoAuthor_Influence_Velocity": 0,
    "Source_SemanticScholar": false,
    "Source_OpenAlex": false,
    "Retrieved": "2025-12-16T01:25:46.096906"
  },
  {
    "Full_Name": "Engineer_164",
    "Citation_Velocity_Score": 0,
    "Citation_Growth_Rate": 0,
    "Influence_Rank_Change": 0,
    "CoAuthor_Influence_Velocity": 0,
    "Source_SemanticScholar": false,
    "Source_OpenAlex": false,
    "Retrieved": "2025-12-16T01:25:55.046729"
  },
  {
    "Full_Name": "Engineer_165",
    "Citation_Velocity_Score": 0,
    "Citation_Growth_Rate": 0,
    "Influence_Rank_Change": 0,
    "CoAuthor_Influence_Velocity": 0,
    "Source_SemanticScholar": false,
    "Source_OpenAlex": false,
    "Retrieved": "2025-12-16T01:26:03.921709"
  },
  {
    "Full_Name": "Engineer_166",
    "Citation_Velocity_Score": 0,
    "Citation_Growth_Rate": 0,
    "Influence_Rank_Change": 0,
    "CoAuthor_Influence_Velocity": 0,
    "Source_SemanticScholar": false,
    "Source_OpenAlex": false,
    "Retrieved": "2025-12-16T01:26:12.941308"
  },
  {
    "Full_Name": "Engineer_167",
    "Citation_Velocity_Score": 0,
    "Citation_Growth_Rate": 0,
    "Influence_Rank_Change": 0,
    "CoAuthor_Influence_Velocity": 0,
    "Source_SemanticScholar": false,
    "Source_OpenAlex": false,
    "Retrieved": "2025-12-16T01:26:21.819628"
  },
  {
    "Full_Name": "Engineer_168",
    "Citation_Velocity_Score": 0,
    "Citation_Growth_Rate": 0,
    "Influence_Rank_Change": 0,
    "CoAuthor_Influence_Velocity": 0,
    "Source_SemanticScholar": false,
    "Source_OpenAlex": false,
    "Retrieved": "2025-12-16T01:26:30.971339"
  },
  {
    "Full_Name": "Engineer_169",
    "Citation_Velocity_Score": 0,
    "Citation_Growth_Rate": 0,
    "Influence_Rank_Change": 0,
    "CoAuthor_Influence_Velocity": 0,
    "Source_SemanticScholar": false,
    "Source_OpenAlex": false,
    "Retrieved": "2025-12-16T01:26:40.006202"
  },
  {
    "Full_Name": "Engineer_170",
    "Citation_Velocity_Score": 0,
    "Citation_Growth_Rate": 0,
    "Influence_Rank_Change": 0,
    "CoAuthor_Influence_Velocity": 0,
    "Source_SemanticScholar": false,
    "Source_OpenAlex": false,
    "Retrieved": "2025-12-16T01:26:48.863844"
  },
  {
    "Full_Name": "Engineer_171",
    "Citation_Velocity_Score": 0,
    "Citation_Growth_Rate": 0,
    "Influence_Rank_Change": 0,
    "CoAuthor_Influence_Velocity": 0,
    "Source_SemanticScholar": false,
    "Source_OpenAlex": false,
    "Retrieved": "2025-12-16T01:26:57.856311"
  },
  {
    "Full_Name": "Engineer_172",
    "Citation_Velocity_Score": 0,
    "Citation_Growth_Rate": 0,
    "Influence_Rank_Change": 0,
    "CoAuthor_Influence_Velocity": 0,
    "Source_SemanticScholar": false,
    "Source_OpenAlex": false,
    "Retrieved": "2025-12-16T01:27:06.809878"
  },
  {
    "Full_Name": "Engineer_173",
    "Citation_Velocity_Score": 0,
    "Citation_Growth_Rate": 0,
    "Influence_Rank_Change": 0,
    "CoAuthor_Influence_Velocity": 0,
    "Source_SemanticScholar": false,
    "Source_OpenAlex": false,
    "Retrieved": "2025-12-16T01:27:15.778505"
  },
  {
    "Full_Name": "Engineer_174",
    "Citation_Velocity_Score": 0,
    "Citation_Growth_Rate": 0,
    "Influence_Rank_Change": 0,
    "CoAuthor_Influence_Velocity": 0,
    "Source_SemanticScholar": false,
    "Source_OpenAlex": false,
    "Retrieved": "2025-12-16T01:27:24.708963"
  },
  {
    "Full_Name": "Engineer_175",
    "Citation_Velocity_Score": 0,
    "Citation_Growth_Rate": 0,
    "Influence_Rank_Change": 0,
    "CoAuthor_Influence_Velocity": 0,
    "Source_SemanticScholar": false,
    "Source_OpenAlex": false,
    "Retrieved": "2025-12-16T01:27:29.566791"
  },
  {
    "Full_Name": "Engineer_176",
    "Citation_Velocity_Score": 0,
    "Citation_Growth_Rate": 0,
    "Influence_Rank_Change": 0,
    "CoAuthor_Influence_Velocity": 0,
    "Source_SemanticScholar": false,
    "Source_OpenAlex": false,
    "Retrieved": "2025-12-16T01:27:30.250857"
  },
  {
    "Full_Name": "Engineer_177",
    "Citation_Velocity_Score": 0,
    "Citation_Growth_Rate": 0,
    "Influence_Rank_Change": 0,
    "CoAuthor_Influence_Velocity": 0,
    "Source_SemanticScholar": false,
    "Source_OpenAlex": false,
    "Retrieved": "2025-12-16T01:27:31.020539"
  },
  {
    "Full_Name": "Engineer_178",
    "Citation_Velocity_Score": 0,
    "Citation_Growth_Rate": 0,
    "Influence_Rank_Change": 0,
    "CoAuthor_Influence_Velocity": 0,
    "Source_SemanticScholar": false,
    "Source_OpenAlex": false,
    "Retrieved": "2025-12-16T01:27:31.653316"
  },
  {
    "Full_Name": "Engineer_179",
    "Citation_Velocity_Score": 0,
    "Citation_Growth_Rate": 0,
    "Influence_Rank_Change": 0,
    "CoAuthor_Influence_Velocity": 0,
    "Source_SemanticScholar": false,
    "Source_OpenAlex": false,
    "Retrieved": "2025-12-16T01:27:32.160320"
  },
  {
    "Full_Name": "Engineer_180",
    "Citation_Velocity_Score": 0,
    "Citation_Growth_Rate": 0,
    "Influence_Rank_Change": 0,
    "CoAuthor_Influence_Velocity": 0,
    "Source_SemanticScholar": false,
    "Source_OpenAlex": false,
    "Retrieved": "2025-12-16T01:27:32.671696"
  },
  {
    "Full_Name": "Engineer_181",
    "Citation_Velocity_Score": 0,
    "Citation_Growth_Rate": 0,
    "Influence_Rank_Change": 0,
    "CoAuthor_Influence_Velocity": 0,
    "Source_SemanticScholar": false,
    "Source_OpenAlex": false,
    "Retrieved": "2025-12-16T01:27:33.395772"
  },
  {
    "Full_Name": "Engineer_182",
    "Citation_Velocity_Score": 0,
    "Citation_Growth_Rate": 0,
    "Influence_Rank_Change": 0,
    "CoAuthor_Influence_Velocity": 0,
    "Source_SemanticScholar": false,
    "Source_OpenAlex": false,
    "Retrieved": "2025-12-16T01:27:33.912559"
  },
  {
    "Full_Name": "Engineer_183",
    "Citation_Velocity_Score": 0,
    "Citation_Growth_Rate": 0,
    "Influence_Rank_Change": 0,
    "CoAuthor_Influence_Velocity": 0,
    "Source_SemanticScholar": false,
    "Source_OpenAlex": false,
    "Retrieved": "2025-12-16T01:27:34.489441"
  },
  {
    "Full_Name": "Engineer_184",
    "Citation_Velocity_Score": 0,
    "Citation_Growth_Rate": 0,
    "Influence_Rank_Change": 0,
    "CoAuthor_Influence_Velocity": 0,
    "Source_SemanticScholar": false,
    "Source_OpenAlex": false,
    "Retrieved": "2025-12-16T01:27:35.018057"
  },
  {
    "Full_Name": "Engineer_185",
    "Citation_Velocity_Score": 0,
    "Citation_Growth_Rate": 0,
    "Influence_Rank_Change": 0,
    "CoAuthor_Influence_Velocity": 0,
    "Source_SemanticScholar": false,
    "Source_OpenAlex": false,
    "Retrieved": "2025-12-16T01:27:35.534599"
  },
  {
    "Full_Name": "Engineer_186",
    "Citation_Velocity_Score": 0,
    "Citation_Growth_Rate": 0,
    "Influence_Rank_Change": 0,
    "CoAuthor_Influence_Velocity": 0,
    "Source_SemanticScholar": false,
    "Source_OpenAlex": false,
    "Retrieved": "2025-12-16T01:27:36.043275"
  },
  {
    "Full_Name": "Engineer_187",
    "Citation_Velocity_Score": 0,
    "Citation_Growth_Rate": 0,
    "Influence_Rank_Change": 0,
    "CoAuthor_Influence_Velocity": 0,
    "Source_SemanticScholar": false,
    "Source_OpenAlex": false,
    "Retrieved": "2025-12-16T01:27:36.547448"
  },
  {
    "Full_Name": "Engineer_188",
    "Citation_Velocity_Score": 0,
    "Citation_Growth_Rate": 0,
    "Influence_Rank_Change": 0,
    "CoAuthor_Influence_Velocity": 0,
    "Source_SemanticScholar": false,
    "Source_OpenAlex": false,
    "Retrieved": "2025-12-16T01:27:37.114526"
  },
  {
    "Full_Name": "Engineer_189",
    "Citation_Velocity_Score": 0,
    "Citation_Growth_Rate": 0,
    "Influence_Rank_Change": 0,
    "CoAuthor_Influence_Velocity": 0,
    "Source_SemanticScholar": false,
    "Source_OpenAlex": false,
    "Retrieved": "2025-12-16T01:27:39.878201"
  },
  {
    "Full_Name": "Engineer_190",
    "Citation_Velocity_Score": 0,
    "Citation_Growth_Rate": 0,
    "Influence_Rank_Change": 0,
    "CoAuthor_Influence_Velocity": 0,
    "Source_SemanticScholar": false,
    "Source_OpenAlex": false,
    "Retrieved": "2025-12-16T01:27:40.468725"
  },
  {
    "Full_Name": "Engineer_191",
    "Citation_Velocity_Score": 0,
    "Citation_Growth_Rate": 0,
    "Influence_Rank_Change": 0,
    "CoAuthor_Influence_Velocity": 0,
    "Source_SemanticScholar": false,
    "Source_OpenAlex": false,
    "Retrieved": "2025-12-16T01:27:41.042778"
  },
  {
    "Full_Name": "Engineer_192",
    "Citation_Velocity_Score": 0,
    "Citation_Growth_Rate": 0,
    "Influence_Rank_Change": 0,
    "CoAuthor_Influence_Velocity": 0,
    "Source_SemanticScholar": false,
    "Source_OpenAlex": false,
    "Retrieved": "2025-12-16T01:27:41.576903"
  },
  {
    "Full_Name": "Engineer_193",
    "Citation_Velocity_Score": 0,
    "Citation_Growth_Rate": 0,
    "Influence_Rank_Change": 0,
    "CoAuthor_Influence_Velocity": 0,
    "Source_SemanticScholar": false,
    "Source_OpenAlex": false,
    "Retrieved": "2025-12-16T01:27:42.133394"
  },
  {
    "Full_Name": "Engineer_194",
    "Citation_Velocity_Score": 0,
    "Citation_Growth_Rate": 0,
    "Influence_Rank_Change": 0,
    "CoAuthor_Influence_Velocity": 0,
    "Source_SemanticScholar": false,
    "Source_OpenAlex": false,
    "Retrieved": "2025-12-16T01:27:42.679914"
  },
  {
    "Full_Name": "Engineer_195",
    "Citation_Velocity_Score": 0,
    "Citation_Growth_Rate": 0,
    "Influence_Rank_Change": 0,
    "CoAuthor_Influence_Velocity": 0,
    "Source_SemanticScholar": false,
    "Source_OpenAlex": false,
    "Retrieved": "2025-12-16T01:27:43.264723"
  },
  {
    "Full_Name": "Engineer_196",
    "Citation_Velocity_Score": 0,
    "Citation_Growth_Rate": 0,
    "Influence_Rank_Change": 0,
    "CoAuthor_Influence_Velocity": 0,
    "Source_SemanticScholar": false,
    "Source_OpenAlex": false,
    "Retrieved": "2025-12-16T01:27:43.931064"
  },
  {
    "Full_Name": "Engineer_197",
    "Citation_Velocity_Score": 0,
    "Citation_Growth_Rate": 0,
    "Influence_Rank_Change": 0,
    "CoAuthor_Influence_Velocity": 0,
    "Source_SemanticScholar": false,
    "Source_OpenAlex": false,
    "Retrieved": "2025-12-16T01:27:44.438967"
  },
  {
    "Full_Name": "Engineer_198",
    "Citation_Velocity_Score": 0,
    "Citation_Growth_Rate": 0,
    "Influence_Rank_Change": 0,
    "CoAuthor_Influence_Velocity": 0,
    "Source_SemanticScholar": false,
    "Source_OpenAlex": false,
    "Retrieved": "2025-12-16T01:27:44.997888"
  },
  {
    "Full_Name": "Engineer_199",
    "Citation_Velocity_Score": 0,
    "Citation_Growth_Rate": 0,
    "Influence_Rank_Change": 0,
    "CoAuthor_Influence_Velocity": 0,
    "Source_SemanticScholar": false,
    "Source_OpenAlex": false,
    "Retrieved": "2025-12-16T01:27:45.589019"
  },
  {
    "Full_Name": "Engineer_200",
    "Citation_Velocity_Score": 0,
    "Citation_Growth_Rate": 0,
    "Influence_Rank_Change": 0,
    "CoAuthor_Influence_Velocity": 0,
    "Source_SemanticScholar": false,
    "Source_OpenAlex": false,
    "Retrieved": "2025-12-16T01:27:46.145203"
  },
  {
    "Full_Name": "Engineer_201",
    "Citation_Velocity_Score": 0,
    "Citation_Growth_Rate": 0,
    "Influence_Rank_Change": 0,
    "CoAuthor_Influence_Velocity": 0,
    "Source_SemanticScholar": false,
    "Source_OpenAlex": false,
    "Retrieved": "2025-12-16T01:27:46.714855"
  },
  {
    "Full_Name": "Engineer_202",
    "Citation_Velocity_Score": 0,
    "Citation_Growth_Rate": 0,
    "Influence_Rank_Change": 0,
    "CoAuthor_Influence_Velocity": 0,
    "Source_SemanticScholar": false,
    "Source_OpenAlex": false,
    "Retrieved": "2025-12-16T01:27:47.290866"
  },
  {
    "Full_Name": "Engineer_203",
    "Citation_Velocity_Score": 0,
    "Citation_Growth_Rate": 0,
    "Influence_Rank_Change": 0,
    "CoAuthor_Influence_Velocity": 0,
    "Source_SemanticScholar": false,
    "Source_OpenAlex": false,
    "Retrieved": "2025-12-16T01:27:50.023426"
  },
  {
    "Full_Name": "Engineer_204",
    "Citation_Velocity_Score": 0,
    "Citation_Growth_Rate": 0,
    "Influence_Rank_Change": 0,
    "CoAuthor_Influence_Velocity": 0,
    "Source_SemanticScholar": false,
    "Source_OpenAlex": false,
    "Retrieved": "2025-12-16T01:27:50.626454"
  },
  {
    "Full_Name": "Engineer_205",
    "Citation_Velocity_Score": 0,
    "Citation_Growth_Rate": 0,
    "Influence_Rank_Change": 0,
    "CoAuthor_Influence_Velocity": 0,
    "Source_SemanticScholar": false,
    "Source_OpenAlex": false,
    "Retrieved": "2025-12-16T01:27:51.144669"
  },
  {
    "Full_Name": "Engineer_206",
    "Citation_Velocity_Score": 0,
    "Citation_Growth_Rate": 0,
    "Influence_Rank_Change": 0,
    "CoAuthor_Influence_Velocity": 0,
    "Source_SemanticScholar": false,
    "Source_OpenAlex": false,
    "Retrieved": "2025-12-16T01:27:51.660013"
  },
  {
    "Full_Name": "Engineer_207",
    "Citation_Velocity_Score": 0,
    "Citation_Growth_Rate": 0,
    "Influence_Rank_Change": 0,
    "CoAuthor_Influence_Velocity": 0,
    "Source_SemanticScholar": false,
    "Source_OpenAlex": false,
    "Retrieved": "2025-12-16T01:27:54.396570"
  },
  {
    "Full_Name": "Engineer_208",
    "Citation_Velocity_Score": 0,
    "Citation_Growth_Rate": 0,
    "Influence_Rank_Change": 0,
    "CoAuthor_Influence_Velocity": 0,
    "Source_SemanticScholar": false,
    "Source_OpenAlex": false,
    "Retrieved": "2025-12-16T01:27:57.118070"
  },
  {
    "Full_Name": "Engineer_209",
    "Citation_Velocity_Score": 0,
    "Citation_Growth_Rate": 0,
    "Influence_Rank_Change": 0,
    "CoAuthor_Influence_Velocity": 0,
    "Source_SemanticScholar": false,
    "Source_OpenAlex": false,
    "Retrieved": "2025-12-16T01:27:57.674178"
  },
  {
    "Full_Name": "Engineer_210",
    "Citation_Velocity_Score": 0,
    "Citation_Growth_Rate": 0,
    "Influence_Rank_Change": 0,
    "CoAuthor_Influence_Velocity": 0,
    "Source_SemanticScholar": false,
    "Source_OpenAlex": false,
    "Retrieved": "2025-12-16T01:28:00.384575"
  },
  {
    "Full_Name": "Engineer_211",
    "Citation_Velocity_Score": 0,
    "Citation_Growth_Rate": 0,
    "Influence_Rank_Change": 0,
    "CoAuthor_Influence_Velocity": 0,
    "Source_SemanticScholar": false,
    "Source_OpenAlex": false,
    "Retrieved": "2025-12-16T01:28:00.961398"
  },
  {
    "Full_Name": "Engineer_212",
    "Citation_Velocity_Score": 0,
    "Citation_Growth_Rate": 0,
    "Influence_Rank_Change": 0,
    "CoAuthor_Influence_Velocity": 0,
    "Source_SemanticScholar": false,
    "Source_OpenAlex": false,
    "Retrieved": "2025-12-16T01:28:01.672266"
  },
  {
    "Full_Name": "Engineer_213",
    "Citation_Velocity_Score": 0,
    "Citation_Growth_Rate": 0,
    "Influence_Rank_Change": 0,
    "CoAuthor_Influence_Velocity": 0,
    "Source_SemanticScholar": false,
    "Source_OpenAlex": false,
    "Retrieved": "2025-12-16T01:28:04.490154"
  },
  {
    "Full_Name": "Engineer_214",
    "Citation_Velocity_Score": 0,
    "Citation_Growth_Rate": 0,
    "Influence_Rank_Change": 0,
    "CoAuthor_Influence_Velocity": 0,
    "Source_SemanticScholar": false,
    "Source_OpenAlex": false,
    "Retrieved": "2025-12-16T01:28:09.386142"
  },
  {
    "Full_Name": "Engineer_215",
    "Citation_Velocity_Score": 0,
    "Citation_Growth_Rate": 0,
    "Influence_Rank_Change": 0,
    "CoAuthor_Influence_Velocity": 0,
    "Source_SemanticScholar": false,
    "Source_OpenAlex": false,
    "Retrieved": "2025-12-16T01:28:09.913175"
  },
  {
    "Full_Name": "Engineer_216",
    "Citation_Velocity_Score": 0,
    "Citation_Growth_Rate": 0,
    "Influence_Rank_Change": 0,
    "CoAuthor_Influence_Velocity": 0,
    "Source_SemanticScholar": false,
    "Source_OpenAlex": false,
    "Retrieved": "2025-12-16T01:28:10.507306"
  },
  {
    "Full_Name": "Engineer_217",
    "Citation_Velocity_Score": 0,
    "Citation_Growth_Rate": 0,
    "Influence_Rank_Change": 0,
    "CoAuthor_Influence_Velocity": 0,
    "Source_SemanticScholar": false,
    "Source_OpenAlex": false,
    "Retrieved": "2025-12-16T01:28:11.048252"
  },
  {
    "Full_Name": "Engineer_218",
    "Citation_Velocity_Score": 0,
    "Citation_Growth_Rate": 0,
    "Influence_Rank_Change": 0,
    "CoAuthor_Influence_Velocity": 0,
    "Source_SemanticScholar": false,
    "Source_OpenAlex": false,
    "Retrieved": "2025-12-16T01:28:11.608439"
  },
  {
    "Full_Name": "Engineer_219",
    "Citation_Velocity_Score": 0,
    "Citation_Growth_Rate": 0,
    "Influence_Rank_Change": 0,
    "CoAuthor_Influence_Velocity": 0,
    "Source_SemanticScholar": false,
    "Source_OpenAlex": false,
    "Retrieved": "2025-12-16T01:28:12.160730"
  },
  {
    "Full_Name": "Engineer_220",
    "Citation_Velocity_Score": 0,
    "Citation_Growth_Rate": 0,
    "Influence_Rank_Change": 0,
    "CoAuthor_Influence_Velocity": 0,
    "Source_SemanticScholar": false,
    "Source_OpenAlex": false,
    "Retrieved": "2025-12-16T01:28:12.662432"
  },
  {
    "Full_Name": "Engineer_221",
    "Citation_Velocity_Score": 0,
    "Citation_Growth_Rate": 0,
    "Influence_Rank_Change": 0,
    "CoAuthor_Influence_Velocity": 0,
    "Source_SemanticScholar": false,
    "Source_OpenAlex": false,
    "Retrieved": "2025-12-16T01:28:13.172121"
  },
  {
    "Full_Name": "Engineer_222",
    "Citation_Velocity_Score": 0,
    "Citation_Growth_Rate": 0,
    "Influence_Rank_Change": 0,
    "CoAuthor_Influence_Velocity": 0,
    "Source_SemanticScholar": false,
    "Source_OpenAlex": false,
    "Retrieved": "2025-12-16T01:28:13.702601"
  },
  {
    "Full_Name": "Engineer_223",
    "Citation_Velocity_Score": 0,
    "Citation_Growth_Rate": 0,
    "Influence_Rank_Change": 0,
    "CoAuthor_Influence_Velocity": 0,
    "Source_SemanticScholar": false,
    "Source_OpenAlex": false,
    "Retrieved": "2025-12-16T01:28:14.218361"
  },
  {
    "Full_Name": "Engineer_224",
    "Citation_Velocity_Score": 0,
    "Citation_Growth_Rate": 0,
    "Influence_Rank_Change": 0,
    "CoAuthor_Influence_Velocity": 0,
    "Source_SemanticScholar": false,
    "Source_OpenAlex": false,
    "Retrieved": "2025-12-16T01:28:16.897219"
  },
  {
    "Full_Name": "Engineer_225",
    "Citation_Velocity_Score": 0,
    "Citation_Growth_Rate": 0,
    "Influence_Rank_Change": 0,
    "CoAuthor_Influence_Velocity": 0,
    "Source_SemanticScholar": false,
    "Source_OpenAlex": false,
    "Retrieved": "2025-12-16T01:28:19.507866"
  },
  {
    "Full_Name": "Engineer_226",
    "Citation_Velocity_Score": 0,
    "Citation_Growth_Rate": 0,
    "Influence_Rank_Change": 0,
    "CoAuthor_Influence_Velocity": 0,
    "Source_SemanticScholar": false,
    "Source_OpenAlex": false,
    "Retrieved": "2025-12-16T01:28:24.329529"
  },
  {
    "Full_Name": "Engineer_227",
    "Citation_Velocity_Score": 0,
    "Citation_Growth_Rate": 0,
    "Influence_Rank_Change": 0,
    "CoAuthor_Influence_Velocity": 0,
    "Source_SemanticScholar": false,
    "Source_OpenAlex": false,
    "Retrieved": "2025-12-16T01:28:29.250484"
  },
  {
    "Full_Name": "Engineer_228",
    "Citation_Velocity_Score": 0,
    "Citation_Growth_Rate": 0,
    "Influence_Rank_Change": 0,
    "CoAuthor_Influence_Velocity": 0,
    "Source_SemanticScholar": false,
    "Source_OpenAlex": false,
    "Retrieved": "2025-12-16T01:28:29.778595"
  },
  {
    "Full_Name": "Engineer_229",
    "Citation_Velocity_Score": 0,
    "Citation_Growth_Rate": 0,
    "Influence_Rank_Change": 0,
    "CoAuthor_Influence_Velocity": 0,
    "Source_SemanticScholar": false,
    "Source_OpenAlex": false,
    "Retrieved": "2025-12-16T01:28:30.339712"
  },
  {
    "Full_Name": "Engineer_230",
    "Citation_Velocity_Score": 0,
    "Citation_Growth_Rate": 0,
    "Influence_Rank_Change": 0,
    "CoAuthor_Influence_Velocity": 0,
    "Source_SemanticScholar": false,
    "Source_OpenAlex": false,
    "Retrieved": "2025-12-16T01:28:30.869729"
  },
  {
    "Full_Name": "Engineer_231",
    "Citation_Velocity_Score": 0,
    "Citation_Growth_Rate": 0,
    "Influence_Rank_Change": 0,
    "CoAuthor_Influence_Velocity": 0,
    "Source_SemanticScholar": false,
    "Source_OpenAlex": false,
    "Retrieved": "2025-12-16T01:28:31.447882"
  },
  {
    "Full_Name": "Engineer_232",
    "Citation_Velocity_Score": 0,
    "Citation_Growth_Rate": 0,
    "Influence_Rank_Change": 0,
    "CoAuthor_Influence_Velocity": 0,
    "Source_SemanticScholar": false,
    "Source_OpenAlex": false,
    "Retrieved": "2025-12-16T01:28:32.046519"
  },
  {
    "Full_Name": "Engineer_233",
    "Citation_Velocity_Score": 0,
    "Citation_Growth_Rate": 0,
    "Influence_Rank_Change": 0,
    "CoAuthor_Influence_Velocity": 0,
    "Source_SemanticScholar": false,
    "Source_OpenAlex": false,
    "Retrieved": "2025-12-16T01:28:32.603755"
  },
  {
    "Full_Name": "Engineer_234",
    "Citation_Velocity_Score": 0,
    "Citation_Growth_Rate": 0,
    "Influence_Rank_Change": 0,
    "CoAuthor_Influence_Velocity": 0,
    "Source_SemanticScholar": false,
    "Source_OpenAlex": false,
    "Retrieved": "2025-12-16T01:28:33.172308"
  },
  {
    "Full_Name": "Engineer_235",
    "Citation_Velocity_Score": 0,
    "Citation_Growth_Rate": 0,
    "Influence_Rank_Change": 0,
    "CoAuthor_Influence_Velocity": 0,
    "Source_SemanticScholar": false,
    "Source_OpenAlex": false,
    "Retrieved": "2025-12-16T01:28:35.858790"
  },
  {
    "Full_Name": "Engineer_236",
    "Citation_Velocity_Score": 0,
    "Citation_Growth_Rate": 0,
    "Influence_Rank_Change": 0,
    "CoAuthor_Influence_Velocity": 0,
    "Source_SemanticScholar": false,
    "Source_OpenAlex": false,
    "Retrieved": "2025-12-16T01:28:36.371359"
  },
  {
    "Full_Name": "Engineer_237",
    "Citation_Velocity_Score": 0,
    "Citation_Growth_Rate": 0,
    "Influence_Rank_Change": 0,
    "CoAuthor_Influence_Velocity": 0,
    "Source_SemanticScholar": false,
    "Source_OpenAlex": false,
    "Retrieved": "2025-12-16T01:28:41.213437"
  },
  {
    "Full_Name": "Engineer_238",
    "Citation_Velocity_Score": 0,
    "Citation_Growth_Rate": 0,
    "Influence_Rank_Change": 0,
    "CoAuthor_Influence_Velocity": 0,
    "Source_SemanticScholar": false,
    "Source_OpenAlex": false,
    "Retrieved": "2025-12-16T01:28:43.978916"
  },
  {
    "Full_Name": "Engineer_239",
    "Citation_Velocity_Score": 0,
    "Citation_Growth_Rate": 0,
    "Influence_Rank_Change": 0,
    "CoAuthor_Influence_Velocity": 0,
    "Source_SemanticScholar": false,
    "Source_OpenAlex": false,
    "Retrieved": "2025-12-16T01:28:44.540989"
  },
  {
    "Full_Name": "Engineer_240",
    "Citation_Velocity_Score": 0,
    "Citation_Growth_Rate": 0,
    "Influence_Rank_Change": 0,
    "CoAuthor_Influence_Velocity": 0,
    "Source_SemanticScholar": false,
    "Source_OpenAlex": false,
    "Retrieved": "2025-12-16T01:28:45.102125"
  },
  {
    "Full_Name": "Engineer_241",
    "Citation_Velocity_Score": 0,
    "Citation_Growth_Rate": 0,
    "Influence_Rank_Change": 0,
    "CoAuthor_Influence_Velocity": 0,
    "Source_SemanticScholar": false,
    "Source_OpenAlex": false,
    "Retrieved": "2025-12-16T01:28:45.623361"
  },
  {
    "Full_Name": "Engineer_242",
    "Citation_Velocity_Score": 0,
    "Citation_Growth_Rate": 0,
    "Influence_Rank_Change": 0,
    "CoAuthor_Influence_Velocity": 0,
    "Source_SemanticScholar": false,
    "Source_OpenAlex": false,
    "Retrieved": "2025-12-16T01:28:48.316627"
  },
  {
    "Full_Name": "Engineer_243",
    "Citation_Velocity_Score": 0,
    "Citation_Growth_Rate": 0,
    "Influence_Rank_Change": 0,
    "CoAuthor_Influence_Velocity": 0,
    "Source_SemanticScholar": false,
    "Source_OpenAlex": false,
    "Retrieved": "2025-12-16T01:28:48.885309"
  },
  {
    "Full_Name": "Engineer_244",
    "Citation_Velocity_Score": 0,
    "Citation_Growth_Rate": 0,
    "Influence_Rank_Change": 0,
    "CoAuthor_Influence_Velocity": 0,
    "Source_SemanticScholar": false,
    "Source_OpenAlex": false,
    "Retrieved": "2025-12-16T01:28:49.538345"
  },
  {
    "Full_Name": "Engineer_245",
    "Citation_Velocity_Score": 0,
    "Citation_Growth_Rate": 0,
    "Influence_Rank_Change": 0,
    "CoAuthor_Influence_Velocity": 0,
    "Source_SemanticScholar": false,
    "Source_OpenAlex": false,
    "Retrieved": "2025-12-16T01:28:52.243098"
  },
  {
    "Full_Name": "Engineer_246",
    "Citation_Velocity_Score": 0,
    "Citation_Growth_Rate": 0,
    "Influence_Rank_Change": 0,
    "CoAuthor_Influence_Velocity": 0,
    "Source_SemanticScholar": false,
    "Source_OpenAlex": false,
    "Retrieved": "2025-12-16T01:28:52.795210"
  },
  {
    "Full_Name": "Engineer_247",
    "Citation_Velocity_Score": 0,
    "Citation_Growth_Rate": 0,
    "Influence_Rank_Change": 0,
    "CoAuthor_Influence_Velocity": 0,
    "Source_SemanticScholar": false,
    "Source_OpenAlex": false,
    "Retrieved": "2025-12-16T01:28:53.317827"
  },
  {
    "Full_Name": "Engineer_248",
    "Citation_Velocity_Score": 0,
    "Citation_Growth_Rate": 0,
    "Influence_Rank_Change": 0,
    "CoAuthor_Influence_Velocity": 0,
    "Source_SemanticScholar": false,
    "Source_OpenAlex": false,
    "Retrieved": "2025-12-16T01:28:53.862399"
  },
  {
    "Full_Name": "Engineer_249",
    "Citation_Velocity_Score": 0,
    "Citation_Growth_Rate": 0,
    "Influence_Rank_Change": 0,
    "CoAuthor_Influence_Velocity": 0,
    "Source_SemanticScholar": false,
    "Source_OpenAlex": false,
    "Retrieved": "2025-12-16T01:28:54.440920"
  },
  {
    "Full_Name": "Engineer_250",
    "Citation_Velocity_Score": 0,
    "Citation_Growth_Rate": 0,
    "Influence_Rank_Change": 0,
    "CoAuthor_Influence_Velocity": 0,
    "Source_SemanticScholar": false,
    "Source_OpenAlex": false,
    "Retrieved": "2025-12-16T01:28:54.996668"
  }
]